BirdID,Age,BreedStage,DateGMT,TimeGMT,Latitude,Longitude,TrackID,Sex,Equinox,ArgosQuality
GV37734,Adult,chick-rearing,2018-07-08,04:22:11,-5.681348,72.317474,GV37501,unknown,NA,NA
GV37734,Adult,chick-rearing,2018-07-08,04:27:13,-5.681334,72.317497,GV37501,unknown,NA,NA
GV37734,Adult,chick-rearing,2018-07-08,04:32:18,-5.681368,72.31752,GV37501,unknown,NA,NA
GV37734,Adult,chick-rearing,2018-07-08,04:37:30,-5.681303,72.317528,GV37501,unknown,NA,NA
GV37734,Adult,chick-rearing,2018-07-08,04:42:32,-5.681158,72.317368,GV37501,unknown,NA,NA
GV37734,Adult,chick-rearing,2018-07-08,04:47:34,-5.681136,72.316269,GV37501,unknown,NA,NA
GV37734,Adult,chick-rearing,2018-07-08,04:52:38,-5.681122,72.31646,GV37501,unknown,NA,NA
GV37734,Adult,chick-rearing,2018-07-08,04:57:41,-5.672321,72.324333,GV37501,unknown,NA,NA
GV37734,Adult,chick-rearing,2018-07-08,05:02:51,-5.681648,72.31736,GV37501,unknown,NA,NA
GV37734,Adult,chick-rearing,2018-07-08,05:08:26,-5.681528,72.312279,GV37501,unknown,NA,NA
GV37734,Adult,chick-rearing,2018-07-08,05:13:27,-5.681514,72.312286,GV37501,unknown,NA,NA
GV37734,Adult,chick-rearing,2018-07-08,05:18:29,-5.673895,72.325836,GV37501,unknown,NA,NA
GV37734,Adult,chick-rearing,2018-07-08,05:23:31,-5.68122,72.316566,GV37501,unknown,NA,NA
GV37734,Adult,chick-rearing,2018-07-08,05:28:32,-5.681223,72.316544,GV37501,unknown,NA,NA
GV37734,Adult,chick-rearing,2018-07-08,05:33:33,-5.681207,72.316566,GV37501,unknown,NA,NA
GV37734,Adult,chick-rearing,2018-07-08,05:38:34,-5.681211,72.316559,GV37501,unknown,NA,NA
GV37734,Adult,chick-rearing,2018-07-08,05:43:35,-5.681205,72.316551,GV37501,unknown,NA,NA
GV37734,Adult,chick-rearing,2018-07-08,05:48:36,-5.681217,72.316566,GV37501,unknown,NA,NA
GV37734,Adult,chick-rearing,2018-07-08,05:53:37,-5.681212,72.316544,GV37501,unknown,NA,NA
GV37734,Adult,chick-rearing,2018-07-08,05:58:38,-5.681203,72.316544,GV37501,unknown,NA,NA
GV37734,Adult,chick-rearing,2018-07-08,06:03:43,-5.68121,72.316536,GV37501,unknown,NA,NA
GV37734,Adult,chick-rearing,2018-07-08,06:08:45,-5.681242,72.316536,GV37501,unknown,NA,NA
GV37734,Adult,chick-rearing,2018-07-08,06:13:47,-5.681229,72.316544,GV37501,unknown,NA,NA
GV37734,Adult,chick-rearing,2018-07-08,06:18:50,-5.681203,72.316536,GV37501,unknown,NA,NA
GV37734,Adult,chick-rearing,2018-07-08,06:23:53,-5.681224,72.316551,GV37501,unknown,NA,NA
GV37734,Adult,chick-rearing,2018-07-08,06:28:56,-5.681244,72.316528,GV37501,unknown,NA,NA
GV37734,Adult,chick-rearing,2018-07-08,06:33:59,-5.681222,72.316551,GV37501,unknown,NA,NA
GV37734,Adult,chick-rearing,2018-07-08,06:39:03,-5.681226,72.316551,GV37501,unknown,NA,NA
GV37734,Adult,chick-rearing,2018-07-08,06:44:07,-5.681208,72.316544,GV37501,unknown,NA,NA
GV37734,Adult,chick-rearing,2018-07-08,06:49:11,-5.68122,72.316544,GV37501,unknown,NA,NA
GV37734,Adult,chick-rearing,2018-07-08,06:54:14,-5.681225,72.316544,GV37501,unknown,NA,NA
GV37734,Adult,chick-rearing,2018-07-08,06:59:19,-5.681226,72.316544,GV37501,unknown,NA,NA
GV37734,Adult,chick-rearing,2018-07-08,07:04:26,-5.681236,72.316528,GV37501,unknown,NA,NA
GV37734,Adult,chick-rearing,2018-07-08,07:09:31,-5.681222,72.316521,GV37501,unknown,NA,NA
GV37734,Adult,chick-rearing,2018-07-08,07:14:37,-5.681225,72.316513,GV37501,unknown,NA,NA
GV37734,Adult,chick-rearing,2018-07-08,07:19:42,-5.681229,72.316551,GV37501,unknown,NA,NA
GV37734,Adult,chick-rearing,2018-07-08,07:24:47,-5.67447,72.323189,GV37501,unknown,NA,NA
GV37734,Adult,chick-rearing,2018-07-08,07:29:50,-5.682127,72.314178,GV37501,unknown,NA,NA
GV37734,Adult,chick-rearing,2018-07-08,07:34:52,-5.676595,72.3283,GV37501,unknown,NA,NA
GV37734,Adult,chick-rearing,2018-07-08,07:39:55,-5.660568,72.350143,GV37501,unknown,NA,NA
GV37734,Adult,chick-rearing,2018-07-08,07:44:58,-5.668714,72.334396,GV37501,unknown,NA,NA
GV37734,Adult,chick-rearing,2018-07-08,07:50:03,-5.681236,72.316544,GV37501,unknown,NA,NA
GV37734,Adult,chick-rearing,2018-07-08,07:55:09,-5.681251,72.316544,GV37501,unknown,NA,NA
GV37734,Adult,chick-rearing,2018-07-08,08:00:16,-5.681229,72.316528,GV37501,unknown,NA,NA
GV37734,Adult,chick-rearing,2018-07-08,08:05:22,-5.681231,72.316521,GV37501,unknown,NA,NA
GV37734,Adult,chick-rearing,2018-07-08,08:10:28,-5.68124,72.316505,GV37501,unknown,NA,NA
GV37734,Adult,chick-rearing,2018-07-08,08:15:35,-5.681249,72.316574,GV37501,unknown,NA,NA
GV37734,Adult,chick-rearing,2018-07-08,08:20:41,-5.681211,72.316452,GV37501,unknown,NA,NA
GV37734,Adult,chick-rearing,2018-07-08,08:25:49,-5.681231,72.316582,GV37501,unknown,NA,NA
GV37734,Adult,chick-rearing,2018-07-08,08:30:58,-5.681194,72.316422,GV37501,unknown,NA,NA
GV37734,Adult,chick-rearing,2018-07-08,08:36:09,-5.68126,72.316673,GV37501,unknown,NA,NA
GV37734,Adult,chick-rearing,2018-07-08,08:41:28,-5.681187,72.316475,GV37501,unknown,NA,NA
GV37734,Adult,chick-rearing,2018-07-08,08:46:39,-5.68123,72.316521,GV37501,unknown,NA,NA
GV37734,Adult,chick-rearing,2018-07-08,08:51:50,-5.681169,72.31646,GV37501,unknown,NA,NA
GV37734,Adult,chick-rearing,2018-07-08,08:57:02,-5.681212,72.316521,GV37501,unknown,NA,NA
GV37734,Adult,chick-rearing,2018-07-08,09:02:51,-5.681218,72.316544,GV37501,unknown,NA,NA
GV37734,Adult,chick-rearing,2018-07-08,09:08:00,-5.681236,72.316513,GV37501,unknown,NA,NA
GV37734,Adult,chick-rearing,2018-07-08,09:13:06,-5.681223,72.316559,GV37501,unknown,NA,NA
GV37734,Adult,chick-rearing,2018-07-08,09:18:11,-5.681232,72.316528,GV37501,unknown,NA,NA
GV37734,Adult,chick-rearing,2018-07-08,09:23:16,-5.681243,72.316536,GV37501,unknown,NA,NA
GV37734,Adult,chick-rearing,2018-07-08,09:28:21,-5.68124,72.316528,GV37501,unknown,NA,NA
GV37734,Adult,chick-rearing,2018-07-08,09:33:25,-5.681216,72.316566,GV37501,unknown,NA,NA
GV37734,Adult,chick-rearing,2018-07-08,09:38:29,-5.681207,72.316582,GV37501,unknown,NA,NA
GV37734,Adult,chick-rearing,2018-07-08,09:43:32,-5.681157,72.316597,GV37501,unknown,NA,NA
GV37734,Adult,chick-rearing,2018-07-08,09:48:34,-5.681221,72.316582,GV37501,unknown,NA,NA
GV37734,Adult,chick-rearing,2018-07-08,09:53:36,-5.681208,72.31662,GV37501,unknown,NA,NA
GV37734,Adult,chick-rearing,2018-07-08,09:58:39,-5.681216,72.316582,GV37501,unknown,NA,NA
GV37734,Adult,chick-rearing,2018-07-08,10:03:48,-5.681236,72.316597,GV37501,unknown,NA,NA
GV37734,Adult,chick-rearing,2018-07-08,10:08:56,-5.681195,72.316597,GV37501,unknown,NA,NA
GV37734,Adult,chick-rearing,2018-07-08,10:14:02,-5.681232,72.316536,GV37501,unknown,NA,NA
GV37734,Adult,chick-rearing,2018-07-08,10:19:09,-5.68123,72.316574,GV37501,unknown,NA,NA
GV37734,Adult,chick-rearing,2018-07-08,10:24:18,-5.681286,72.316628,GV37501,unknown,NA,NA
GV37734,Adult,chick-rearing,2018-07-08,10:29:29,-5.681229,72.316536,GV37501,unknown,NA,NA
GV37734,Adult,chick-rearing,2018-07-08,10:34:38,-5.681263,72.316544,GV37501,unknown,NA,NA
GV37734,Adult,chick-rearing,2018-07-08,10:39:48,-5.681208,72.316483,GV37501,unknown,NA,NA
GV37734,Adult,chick-rearing,2018-07-08,10:45:00,-5.681225,72.316498,GV37501,unknown,NA,NA
GV37734,Adult,chick-rearing,2018-07-08,10:50:11,-5.681217,72.31646,GV37501,unknown,NA,NA
GV37734,Adult,chick-rearing,2018-07-08,10:55:23,-5.681213,72.31649,GV37501,unknown,NA,NA
GV37734,Adult,chick-rearing,2018-07-08,11:00:36,-5.681234,72.316536,GV37501,unknown,NA,NA
GV37734,Adult,chick-rearing,2018-07-08,11:05:43,-5.681231,72.316513,GV37501,unknown,NA,NA
GV37734,Adult,chick-rearing,2018-07-08,11:10:49,-5.681225,72.316498,GV37501,unknown,NA,NA
GV37734,Adult,chick-rearing,2018-07-08,11:15:56,-5.681224,72.31646,GV37501,unknown,NA,NA
GV37734,Adult,chick-rearing,2018-07-08,11:21:02,-5.681235,72.31646,GV37501,unknown,NA,NA
GV37734,Adult,chick-rearing,2018-07-08,11:26:10,-5.681256,72.316521,GV37501,unknown,NA,NA
GV37734,Adult,chick-rearing,2018-07-08,11:31:15,-5.681237,72.316513,GV37501,unknown,NA,NA
GV37734,Adult,chick-rearing,2018-07-08,11:36:21,-5.681246,72.316574,GV37501,unknown,NA,NA
GV37734,Adult,chick-rearing,2018-07-08,11:41:27,-5.681214,72.316597,GV37501,unknown,NA,NA
GV37734,Adult,chick-rearing,2018-07-08,11:46:34,-5.681181,72.31662,GV37501,unknown,NA,NA
GV37734,Adult,chick-rearing,2018-07-08,11:51:41,-5.681234,72.316544,GV37501,unknown,NA,NA
GV37734,Adult,chick-rearing,2018-07-08,11:56:45,-5.681257,72.316544,GV37501,unknown,NA,NA
GV37734,Adult,chick-rearing,2018-07-08,12:01:52,-5.680946,72.316544,GV37501,unknown,NA,NA
GV37734,Adult,chick-rearing,2018-07-08,12:06:56,-5.6672,72.325676,GV37501,unknown,NA,NA
GV37734,Adult,chick-rearing,2018-07-08,12:11:59,-5.642806,72.342384,GV37501,unknown,NA,NA
GV37734,Adult,chick-rearing,2018-07-08,12:17:02,-5.621817,72.355011,GV37501,unknown,NA,NA
GV37734,Adult,chick-rearing,2018-07-08,12:22:05,-5.602008,72.366425,GV37501,unknown,NA,NA
GV37734,Adult,chick-rearing,2018-07-08,12:27:08,-5.609278,72.382523,GV37501,unknown,NA,NA
GV37734,Adult,chick-rearing,2018-07-08,12:32:30,-5.602093,72.388321,GV37501,unknown,NA,NA
GV37734,Adult,chick-rearing,2018-07-08,12:37:34,-5.604495,72.390907,GV37501,unknown,NA,NA
GV37734,Adult,chick-rearing,2018-07-08,12:42:37,-5.607111,72.407608,GV37501,unknown,NA,NA
GV37734,Adult,chick-rearing,2018-07-08,12:47:40,-5.583939,72.426353,GV37501,unknown,NA,NA
GV37734,Adult,chick-rearing,2018-07-08,12:52:43,-5.543057,72.430862,GV37501,unknown,NA,NA
GV37734,Adult,chick-rearing,2018-07-08,12:57:47,-5.532249,72.420601,GV37501,unknown,NA,NA
GV37734,Adult,chick-rearing,2018-07-08,13:04:15,-5.534353,72.420151,GV37501,unknown,NA,NA
GV37734,Adult,chick-rearing,2018-07-08,13:12:21,-5.534705,72.423653,GV37501,unknown,NA,NA
GV37734,Adult,chick-rearing,2018-07-08,13:21:33,-5.536713,72.425552,GV37501,unknown,NA,NA
GV37734,Adult,chick-rearing,2018-07-08,13:26:45,-5.530771,72.43335,GV37501,unknown,NA,NA
GV37734,Adult,chick-rearing,2018-07-08,13:33:24,-5.53665,72.426643,GV37501,unknown,NA,NA
GV37734,Adult,chick-rearing,2018-07-08,13:38:31,-5.540136,72.401558,GV37501,unknown,NA,NA
GV37734,Adult,chick-rearing,2018-07-08,13:43:42,-5.544823,72.402939,GV37501,unknown,NA,NA
GV37734,Adult,chick-rearing,2018-07-08,13:48:52,-5.543712,72.416397,GV37501,unknown,NA,NA
GV37734,Adult,chick-rearing,2018-07-08,13:54:00,-5.547422,72.41301,GV37501,unknown,NA,NA
GV37734,Adult,chick-rearing,2018-07-08,13:59:12,-5.547915,72.409454,GV37501,unknown,NA,NA
GV37734,Adult,chick-rearing,2018-07-08,14:04:28,-5.550948,72.412247,GV37501,unknown,NA,NA
GV37734,Adult,chick-rearing,2018-07-08,14:09:37,-5.558776,72.4049,GV37501,unknown,NA,NA
GV37734,Adult,chick-rearing,2018-07-08,14:14:51,-5.559606,72.39904,GV37501,unknown,NA,NA
GV37734,Adult,chick-rearing,2018-07-08,14:20:00,-5.586406,72.378006,GV37501,unknown,NA,NA
GV37734,Adult,chick-rearing,2018-07-08,14:25:07,-5.611205,72.359138,GV37501,unknown,NA,NA
GV37734,Adult,chick-rearing,2018-07-08,14:30:15,-5.636379,72.33989,GV37501,unknown,NA,NA
GV37734,Adult,chick-rearing,2018-07-08,14:35:23,-5.664131,72.323082,GV37501,unknown,NA,NA
GV37734,Adult,chick-rearing,2018-07-08,14:40:37,-5.681221,72.316559,GV37501,unknown,NA,NA
GV37734,Adult,chick-rearing,2018-07-08,14:46:00,-5.681266,72.316528,GV37501,unknown,NA,NA
GV37734,Adult,chick-rearing,2018-07-08,14:51:03,-5.681215,72.316559,GV37501,unknown,NA,NA
GV37734,Adult,chick-rearing,2018-07-08,14:56:04,-5.68121,72.316544,GV37501,unknown,NA,NA
GV37734,Adult,chick-rearing,2018-07-08,15:01:07,-5.681239,72.316528,GV37501,unknown,NA,NA
GV37734,Adult,chick-rearing,2018-07-08,15:06:08,-5.681199,72.316544,GV37501,unknown,NA,NA
GV37734,Adult,chick-rearing,2018-07-08,15:11:09,-5.681228,72.316566,GV37501,unknown,NA,NA
GV37734,Adult,chick-rearing,2018-07-08,15:16:10,-5.681219,72.316559,GV37501,unknown,NA,NA
GV37734,Adult,chick-rearing,2018-07-08,15:21:11,-5.681206,72.316528,GV37501,unknown,NA,NA
GV37734,Adult,chick-rearing,2018-07-08,15:26:12,-5.681182,72.316544,GV37501,unknown,NA,NA
GV37734,Adult,chick-rearing,2018-07-08,15:31:13,-5.681247,72.316544,GV37501,unknown,NA,NA
GV37734,Adult,chick-rearing,2018-07-08,15:36:14,-5.681257,72.316544,GV37501,unknown,NA,NA
GV37734,Adult,chick-rearing,2018-07-08,15:41:15,-5.681263,72.316551,GV37501,unknown,NA,NA
GV37734,Adult,chick-rearing,2018-07-08,15:46:16,-5.681248,72.316544,GV37501,unknown,NA,NA
GV37734,Adult,chick-rearing,2018-07-08,15:51:17,-5.681259,72.316559,GV37501,unknown,NA,NA
GV37734,Adult,chick-rearing,2018-07-08,15:56:18,-5.681264,72.316528,GV37501,unknown,NA,NA
GV37734,Adult,chick-rearing,2018-07-08,16:01:21,-5.681245,72.316505,GV37501,unknown,NA,NA
GV37734,Adult,chick-rearing,2018-07-08,16:06:22,-5.681262,72.316528,GV37501,unknown,NA,NA
GV37734,Adult,chick-rearing,2018-07-08,16:11:23,-5.681227,72.316544,GV37501,unknown,NA,NA
GV37734,Adult,chick-rearing,2018-07-08,16:16:24,-5.681237,72.316536,GV37501,unknown,NA,NA
GV37734,Adult,chick-rearing,2018-07-08,16:21:25,-5.681234,72.316505,GV37501,unknown,NA,NA
GV37734,Adult,chick-rearing,2018-07-08,16:26:26,-5.681228,72.316536,GV37501,unknown,NA,NA
GV37734,Adult,chick-rearing,2018-07-08,16:31:27,-5.681218,72.316536,GV37501,unknown,NA,NA
GV37734,Adult,chick-rearing,2018-07-08,16:36:28,-5.681239,72.316513,GV37501,unknown,NA,NA
GV37734,Adult,chick-rearing,2018-07-08,16:41:29,-5.68124,72.316536,GV37501,unknown,NA,NA
GV37734,Adult,chick-rearing,2018-07-08,16:46:30,-5.681231,72.316521,GV37501,unknown,NA,NA
GV37734,Adult,chick-rearing,2018-07-08,16:51:31,-5.681202,72.316551,GV37501,unknown,NA,NA
GV37734,Adult,chick-rearing,2018-07-08,16:56:33,-5.681138,72.316551,GV37501,unknown,NA,NA
GV37734,Adult,chick-rearing,2018-07-08,17:02:02,-5.681216,72.316544,GV37501,unknown,NA,NA
GV37734,Adult,chick-rearing,2018-07-08,17:07:03,-5.681223,72.316574,GV37501,unknown,NA,NA
GV37734,Adult,chick-rearing,2018-07-08,17:12:04,-5.681251,72.316559,GV37501,unknown,NA,NA
GV37734,Adult,chick-rearing,2018-07-08,17:17:05,-5.681257,72.316544,GV37501,unknown,NA,NA
GV37734,Adult,chick-rearing,2018-07-08,17:22:06,-5.681226,72.316551,GV37501,unknown,NA,NA
GV37734,Adult,chick-rearing,2018-07-08,17:27:07,-5.681226,72.316551,GV37501,unknown,NA,NA
GV37734,Adult,chick-rearing,2018-07-08,17:32:08,-5.681196,72.316521,GV37501,unknown,NA,NA
GV37734,Adult,chick-rearing,2018-07-08,17:37:09,-5.681209,72.316536,GV37501,unknown,NA,NA
GV37734,Adult,chick-rearing,2018-07-08,17:42:11,-5.68121,72.316544,GV37501,unknown,NA,NA
GV37734,Adult,chick-rearing,2018-07-08,17:47:13,-5.681187,72.316551,GV37501,unknown,NA,NA
GV37734,Adult,chick-rearing,2018-07-08,17:52:14,-5.681191,72.316536,GV37501,unknown,NA,NA
GV37734,Adult,chick-rearing,2018-07-08,17:57:16,-5.681273,72.316513,GV37501,unknown,NA,NA
GV37734,Adult,chick-rearing,2018-07-08,18:02:23,-5.681174,72.316559,GV37501,unknown,NA,NA
GV37734,Adult,chick-rearing,2018-07-08,18:07:24,-5.681145,72.316574,GV37501,unknown,NA,NA
GV37734,Adult,chick-rearing,2018-07-08,18:12:25,-5.681175,72.316536,GV37501,unknown,NA,NA
GV37734,Adult,chick-rearing,2018-07-08,18:17:26,-5.681199,72.316521,GV37501,unknown,NA,NA
GV37734,Adult,chick-rearing,2018-07-08,18:22:27,-5.681173,72.316536,GV37501,unknown,NA,NA
GV37734,Adult,chick-rearing,2018-07-08,18:27:28,-5.681203,72.316521,GV37501,unknown,NA,NA
GV37734,Adult,chick-rearing,2018-07-08,18:32:29,-5.681155,72.316521,GV37501,unknown,NA,NA
GV37734,Adult,chick-rearing,2018-07-08,18:37:30,-5.681186,72.316551,GV37501,unknown,NA,NA
GV37734,Adult,chick-rearing,2018-07-08,18:42:31,-5.681186,72.316536,GV37501,unknown,NA,NA
GV37734,Adult,chick-rearing,2018-07-08,18:47:32,-5.681191,72.316544,GV37501,unknown,NA,NA
GV37734,Adult,chick-rearing,2018-07-08,18:52:33,-5.681204,72.316505,GV37501,unknown,NA,NA
GV37734,Adult,chick-rearing,2018-07-08,18:57:35,-5.681199,72.31649,GV37501,unknown,NA,NA
GV37734,Adult,chick-rearing,2018-07-08,19:02:42,-5.681221,72.316505,GV37501,unknown,NA,NA
GV37734,Adult,chick-rearing,2018-07-08,19:07:44,-5.681223,72.316513,GV37501,unknown,NA,NA
GV37734,Adult,chick-rearing,2018-07-08,19:12:46,-5.681213,72.316505,GV37501,unknown,NA,NA
GV37734,Adult,chick-rearing,2018-07-08,19:17:48,-5.681209,72.316513,GV37501,unknown,NA,NA
GV37734,Adult,chick-rearing,2018-07-08,19:22:50,-5.681185,72.316521,GV37501,unknown,NA,NA
GV37734,Adult,chick-rearing,2018-07-08,19:27:52,-5.681199,72.316498,GV37501,unknown,NA,NA
GV37734,Adult,chick-rearing,2018-07-08,19:32:55,-5.681197,72.316536,GV37501,unknown,NA,NA
GV37734,Adult,chick-rearing,2018-07-08,19:37:56,-5.681183,72.316521,GV37501,unknown,NA,NA
GV37734,Adult,chick-rearing,2018-07-08,19:42:57,-5.681186,72.316521,GV37501,unknown,NA,NA
GV37734,Adult,chick-rearing,2018-07-08,19:48:00,-5.68121,72.316528,GV37501,unknown,NA,NA
GV37734,Adult,chick-rearing,2018-07-08,19:53:02,-5.681216,72.316505,GV37501,unknown,NA,NA
GV37734,Adult,chick-rearing,2018-07-08,19:58:04,-5.681205,72.316513,GV37501,unknown,NA,NA
GV37734,Adult,chick-rearing,2018-07-08,20:03:10,-5.681183,72.316483,GV37501,unknown,NA,NA
GV37734,Adult,chick-rearing,2018-07-08,20:08:13,-5.681187,72.31649,GV37501,unknown,NA,NA
GV37734,Adult,chick-rearing,2018-07-08,20:13:15,-5.681196,72.31649,GV37501,unknown,NA,NA
GV37734,Adult,chick-rearing,2018-07-08,20:18:17,-5.681213,72.316498,GV37501,unknown,NA,NA
GV37734,Adult,chick-rearing,2018-07-08,20:23:19,-5.681214,72.316498,GV37501,unknown,NA,NA
GV37734,Adult,chick-rearing,2018-07-08,20:28:22,-5.681222,72.316505,GV37501,unknown,NA,NA
GV37734,Adult,chick-rearing,2018-07-08,20:33:26,-5.681209,72.31649,GV37501,unknown,NA,NA
GV37734,Adult,chick-rearing,2018-07-08,20:38:29,-5.681213,72.316521,GV37501,unknown,NA,NA
GV37734,Adult,chick-rearing,2018-07-08,20:43:35,-5.681213,72.316513,GV37501,unknown,NA,NA
GV37734,Adult,chick-rearing,2018-07-08,20:48:38,-5.681213,72.316559,GV37501,unknown,NA,NA
GV37734,Adult,chick-rearing,2018-07-08,20:53:39,-5.681158,72.316452,GV37501,unknown,NA,NA
GV37734,Adult,chick-rearing,2018-07-08,20:58:41,-5.681201,72.316513,GV37501,unknown,NA,NA
GV37734,Adult,chick-rearing,2018-07-08,21:04:20,-5.681205,72.316536,GV37501,unknown,NA,NA
GV37734,Adult,chick-rearing,2018-07-08,21:09:22,-5.681227,72.316544,GV37501,unknown,NA,NA
GV37734,Adult,chick-rearing,2018-07-08,21:14:23,-5.681181,72.316544,GV37501,unknown,NA,NA
GV37734,Adult,chick-rearing,2018-07-08,21:19:24,-5.681193,72.316536,GV37501,unknown,NA,NA
GV37734,Adult,chick-rearing,2018-07-08,21:24:25,-5.681198,72.316528,GV37501,unknown,NA,NA
GV37734,Adult,chick-rearing,2018-07-08,21:29:26,-5.6812,72.316528,GV37501,unknown,NA,NA
GV37734,Adult,chick-rearing,2018-07-08,21:34:27,-5.681221,72.316551,GV37501,unknown,NA,NA
GV37734,Adult,chick-rearing,2018-07-08,21:39:28,-5.68122,72.316559,GV37501,unknown,NA,NA
GV37734,Adult,chick-rearing,2018-07-08,21:44:29,-5.681219,72.316528,GV37501,unknown,NA,NA
GV37734,Adult,chick-rearing,2018-07-08,21:49:30,-5.681211,72.316559,GV37501,unknown,NA,NA
GV37734,Adult,chick-rearing,2018-07-08,21:54:31,-5.681211,72.316544,GV37501,unknown,NA,NA
GV37734,Adult,chick-rearing,2018-07-08,21:59:32,-5.681199,72.316528,GV37501,unknown,NA,NA
GV37734,Adult,chick-rearing,2018-07-08,22:04:36,-5.681215,72.316536,GV37501,unknown,NA,NA
GV37734,Adult,chick-rearing,2018-07-08,22:09:37,-5.681195,72.316521,GV37501,unknown,NA,NA
GV37734,Adult,chick-rearing,2018-07-08,22:14:38,-5.681202,72.316505,GV37501,unknown,NA,NA
GV37734,Adult,chick-rearing,2018-07-08,22:19:39,-5.681202,72.316498,GV37501,unknown,NA,NA
GV37734,Adult,chick-rearing,2018-07-08,22:24:40,-5.681204,72.316528,GV37501,unknown,NA,NA
GV37734,Adult,chick-rearing,2018-07-08,22:29:40,-5.681208,72.316521,GV37501,unknown,NA,NA
GV37734,Adult,chick-rearing,2018-07-08,22:34:40,-5.681192,72.316483,GV37501,unknown,NA,NA
GV37734,Adult,chick-rearing,2018-07-08,22:39:39,-5.681202,72.316513,GV37501,unknown,NA,NA
GV37734,Adult,chick-rearing,2018-07-08,22:44:38,-5.68118,72.316513,GV37501,unknown,NA,NA
GV37734,Adult,chick-rearing,2018-07-08,22:49:37,-5.681216,72.316551,GV37501,unknown,NA,NA
GV37734,Adult,chick-rearing,2018-07-08,22:54:36,-5.681203,72.316536,GV37501,unknown,NA,NA
GV37734,Adult,chick-rearing,2018-07-08,22:59:37,-5.681213,72.316566,GV37501,unknown,NA,NA
GV37734,Adult,chick-rearing,2018-07-08,23:04:45,-5.681222,72.316536,GV37501,unknown,NA,NA
GV37734,Adult,chick-rearing,2018-07-08,23:09:56,-5.681207,72.316566,GV37501,unknown,NA,NA
GV37734,Adult,chick-rearing,2018-07-08,23:15:07,-5.681206,72.316551,GV37501,unknown,NA,NA
GV37734,Adult,chick-rearing,2018-07-08,23:20:18,-5.681189,72.316551,GV37501,unknown,NA,NA
GV37734,Adult,chick-rearing,2018-07-08,23:25:29,-5.6812,72.316566,GV37501,unknown,NA,NA
GV37734,Adult,chick-rearing,2018-07-08,23:30:40,-5.681199,72.316559,GV37501,unknown,NA,NA
GV37734,Adult,chick-rearing,2018-07-08,23:35:51,-5.681206,72.316582,GV37501,unknown,NA,NA
GV37734,Adult,chick-rearing,2018-07-08,23:41:02,-5.681157,72.316513,GV37501,unknown,NA,NA
GV37734,Adult,chick-rearing,2018-07-08,23:46:13,-5.681201,72.316521,GV37501,unknown,NA,NA
GV37734,Adult,chick-rearing,2018-07-08,23:51:25,-5.681159,72.316513,GV37501,unknown,NA,NA
GV37734,Adult,chick-rearing,2018-07-08,23:56:38,-5.681244,72.316605,GV37501,unknown,NA,NA
GV37734,Adult,chick-rearing,2018-07-09,00:01:52,-5.681195,72.316559,GV37501,unknown,NA,NA
GV37734,Adult,chick-rearing,2018-07-09,00:07:04,-5.681233,72.316566,GV37501,unknown,NA,NA
GV37734,Adult,chick-rearing,2018-07-09,00:12:16,-5.681173,72.316513,GV37501,unknown,NA,NA
GV37734,Adult,chick-rearing,2018-07-09,00:17:28,-5.681179,72.316528,GV37501,unknown,NA,NA
GV37734,Adult,chick-rearing,2018-07-09,00:22:40,-5.681185,72.316505,GV37501,unknown,NA,NA
GV37734,Adult,chick-rearing,2018-07-09,00:27:52,-5.681255,72.316582,GV37501,unknown,NA,NA
GV37734,Adult,chick-rearing,2018-07-09,00:33:03,-5.681169,72.316513,GV37501,unknown,NA,NA
GV37734,Adult,chick-rearing,2018-07-09,00:38:14,-5.681243,72.316635,GV37501,unknown,NA,NA
GV37734,Adult,chick-rearing,2018-07-09,00:43:25,-5.681113,72.316437,GV37501,unknown,NA,NA
GV37734,Adult,chick-rearing,2018-07-09,00:48:36,-5.681199,72.31649,GV37501,unknown,NA,NA
GV37734,Adult,chick-rearing,2018-07-09,00:53:47,-5.681097,72.316406,GV37501,unknown,NA,NA
GV37734,Adult,chick-rearing,2018-07-09,00:58:59,-5.681184,72.31649,GV37501,unknown,NA,NA
GV37734,Adult,chick-rearing,2018-07-09,01:04:32,-5.681211,72.316544,GV37501,unknown,NA,NA
GV37734,Adult,chick-rearing,2018-07-09,01:09:41,-5.68123,72.316559,GV37501,unknown,NA,NA
GV37734,Adult,chick-rearing,2018-07-09,01:14:49,-5.681188,72.316559,GV37501,unknown,NA,NA
GV37734,Adult,chick-rearing,2018-07-09,01:19:57,-5.681217,72.316551,GV37501,unknown,NA,NA
GV37734,Adult,chick-rearing,2018-07-09,01:25:05,-5.681228,72.316536,GV37501,unknown,NA,NA
GV37734,Adult,chick-rearing,2018-07-09,01:30:13,-5.681222,72.316566,GV37501,unknown,NA,NA
GV37734,Adult,chick-rearing,2018-07-09,01:35:21,-5.681198,72.316521,GV37501,unknown,NA,NA
GV37734,Adult,chick-rearing,2018-07-09,01:40:28,-5.681191,72.316513,GV37501,unknown,NA,NA
GV37734,Adult,chick-rearing,2018-07-09,01:45:35,-5.681201,72.316551,GV37501,unknown,NA,NA
GV37734,Adult,chick-rearing,2018-07-09,01:50:43,-5.681196,72.316536,GV37501,unknown,NA,NA
GV37734,Adult,chick-rearing,2018-07-09,01:55:51,-5.681215,72.316536,GV37501,unknown,NA,NA
GV37734,Adult,chick-rearing,2018-07-09,02:01:01,-5.681204,72.316544,GV37501,unknown,NA,NA
GV37734,Adult,chick-rearing,2018-07-09,02:06:09,-5.681185,72.316513,GV37501,unknown,NA,NA
GV37734,Adult,chick-rearing,2018-07-09,02:11:17,-5.681191,72.316513,GV37501,unknown,NA,NA
GV37734,Adult,chick-rearing,2018-07-09,02:16:25,-5.681216,72.316551,GV37501,unknown,NA,NA
GV37734,Adult,chick-rearing,2018-07-09,02:21:33,-5.681203,72.316566,GV37501,unknown,NA,NA
GV37734,Adult,chick-rearing,2018-07-09,02:26:40,-5.681221,72.316566,GV37501,unknown,NA,NA
GV37734,Adult,chick-rearing,2018-07-09,02:31:47,-5.681185,72.316528,GV37501,unknown,NA,NA
GV37734,Adult,chick-rearing,2018-07-09,02:36:54,-5.681187,72.316513,GV37501,unknown,NA,NA
GV37734,Adult,chick-rearing,2018-07-09,02:42:04,-5.67643,72.316971,GV37501,unknown,NA,NA
GV37734,Adult,chick-rearing,2018-07-09,02:47:14,-5.662914,72.326202,GV37501,unknown,NA,NA
GV37734,Adult,chick-rearing,2018-07-09,02:52:23,-5.641651,72.343719,GV37501,unknown,NA,NA
GV37734,Adult,chick-rearing,2018-07-09,02:57:32,-5.618071,72.362915,GV37501,unknown,NA,NA
GV37734,Adult,chick-rearing,2018-07-09,03:02:41,-5.607455,72.381195,GV37501,unknown,NA,NA
GV37734,Adult,chick-rearing,2018-07-09,03:07:43,-5.587502,72.402596,GV37501,unknown,NA,NA
GV37734,Adult,chick-rearing,2018-07-09,03:12:46,-5.569448,72.425941,GV37501,unknown,NA,NA
GV37734,Adult,chick-rearing,2018-07-09,03:17:49,-5.554605,72.45327,GV37501,unknown,NA,NA
GV37734,Adult,chick-rearing,2018-07-09,03:22:53,-5.54239,72.479797,GV37501,unknown,NA,NA
GV37734,Adult,chick-rearing,2018-07-09,03:27:57,-5.525461,72.502678,GV37501,unknown,NA,NA
GV37734,Adult,chick-rearing,2018-07-09,03:33:01,-5.498044,72.512192,GV37501,unknown,NA,NA
GV37734,Adult,chick-rearing,2018-07-09,03:38:02,-5.486675,72.530777,GV37501,unknown,NA,NA
GV37734,Adult,chick-rearing,2018-07-09,03:43:05,-5.482868,72.555504,GV37501,unknown,NA,NA
GV37734,Adult,chick-rearing,2018-07-09,03:48:08,-5.47347,72.579247,GV37501,unknown,NA,NA
GV37734,Adult,chick-rearing,2018-07-09,03:53:12,-5.449944,72.594337,GV37501,unknown,NA,NA
GV37734,Adult,chick-rearing,2018-07-09,03:58:16,-5.42066,72.607262,GV37501,unknown,NA,NA
GV37734,Adult,chick-rearing,2018-07-09,04:03:25,-5.396763,72.615616,GV37501,unknown,NA,NA
GV37734,Adult,chick-rearing,2018-07-09,04:08:30,-5.382873,72.638031,GV37501,unknown,NA,NA
GV37734,Adult,chick-rearing,2018-07-09,04:13:35,-5.376404,72.661934,GV37501,unknown,NA,NA
GV37734,Adult,chick-rearing,2018-07-09,04:18:40,-5.366117,72.676483,GV37501,unknown,NA,NA
GV37734,Adult,chick-rearing,2018-07-09,04:23:44,-5.359404,72.677422000000007,GV37501,unknown,NA,NA
GV37734,Adult,chick-rearing,2018-07-09,04:28:47,-5.353164,72.672318,GV37501,unknown,NA,NA
GV37734,Adult,chick-rearing,2018-07-09,04:33:49,-5.34545,72.668152,GV37501,unknown,NA,NA
GV37734,Adult,chick-rearing,2018-07-09,04:38:51,-5.337466,72.665039,GV37501,unknown,NA,NA
GV37734,Adult,chick-rearing,2018-07-09,04:43:54,-5.330143,72.662704,GV37501,unknown,NA,NA
GV37734,Adult,chick-rearing,2018-07-09,04:49:03,-5.322133,72.663689,GV37501,unknown,NA,NA
GV37734,Adult,chick-rearing,2018-07-09,04:54:14,-5.316765,72.661148,GV37501,unknown,NA,NA
GV37734,Adult,chick-rearing,2018-07-09,04:59:23,-5.301567,72.659843,GV37501,unknown,NA,NA
GV37734,Adult,chick-rearing,2018-07-09,05:05:39,-5.283429,72.6614,GV37501,unknown,NA,NA
GV37734,Adult,chick-rearing,2018-07-09,05:13:42,-5.276658,72.654572,GV37501,unknown,NA,NA
GV37734,Adult,chick-rearing,2018-07-09,05:22:07,-5.275335,72.656639,GV37501,unknown,NA,NA
GV37734,Adult,chick-rearing,2018-07-09,05:28:49,-5.30181,72.64637,GV37501,unknown,NA,NA
GV37734,Adult,chick-rearing,2018-07-09,05:34:00,-5.32815,72.631012,GV37501,unknown,NA,NA
GV37734,Adult,chick-rearing,2018-07-09,05:39:10,-5.354997,72.617409,GV37501,unknown,NA,NA
GV37734,Adult,chick-rearing,2018-07-09,05:44:20,-5.384332,72.61071,GV37501,unknown,NA,NA
GV37734,Adult,chick-rearing,2018-07-09,05:49:32,-5.412922,72.605507,GV37501,unknown,NA,NA
GV37734,Adult,chick-rearing,2018-07-09,05:54:44,-5.442255,72.603958,GV37501,unknown,NA,NA
GV37734,Adult,chick-rearing,2018-07-09,05:59:56,-5.470789,72.605301,GV37501,unknown,NA,NA
GV37734,Adult,chick-rearing,2018-07-09,06:05:10,-5.49384,72.609665,GV37501,unknown,NA,NA
GV37734,Adult,chick-rearing,2018-07-09,06:10:23,-5.510738,72.608086,GV37501,unknown,NA,NA
GV37734,Adult,chick-rearing,2018-07-09,06:15:36,-5.528811,72.57621,GV37501,unknown,NA,NA
GV37734,Adult,chick-rearing,2018-07-09,06:20:48,-5.540927,72.558701,GV37501,unknown,NA,NA
GV37734,Adult,chick-rearing,2018-07-09,06:26:17,-5.552833,72.535881,GV37501,unknown,NA,NA
GV37734,Adult,chick-rearing,2018-07-09,06:31:45,-5.548949,72.52961,GV37501,unknown,NA,NA
GV37734,Adult,chick-rearing,2018-07-09,06:38:08,-5.553051,72.528336,GV37501,unknown,NA,NA
GV37734,Adult,chick-rearing,2018-07-09,06:45:08,-5.559694,72.522446,GV37501,unknown,NA,NA
GV37734,Adult,chick-rearing,2018-07-09,06:52:44,-5.558796,72.514435,GV37501,unknown,NA,NA
GV37734,Adult,chick-rearing,2018-07-09,07:00:42,-5.563806,72.518654,GV37501,unknown,NA,NA
GV37734,Adult,chick-rearing,2018-07-09,07:08:56,-5.574162,72.517349,GV37501,unknown,NA,NA
GV37734,Adult,chick-rearing,2018-07-09,07:17:31,-5.583605,72.515533,GV37501,unknown,NA,NA
GV37734,Adult,chick-rearing,2018-07-09,07:26:49,-5.584356,72.515144,GV37501,unknown,NA,NA
GV37734,Adult,chick-rearing,2018-07-09,07:36:56,-5.576028,72.522491,GV37501,unknown,NA,NA
GV37734,Adult,chick-rearing,2018-07-09,07:48:05,-5.569242,72.524109,GV37501,unknown,NA,NA
GV37734,Adult,chick-rearing,2018-07-09,07:59:07,-5.57352,72.525383,GV37501,unknown,NA,NA
GV37734,Adult,chick-rearing,2018-07-09,08:04:15,-5.572502,72.52459,GV37501,unknown,NA,NA
GV37734,Adult,chick-rearing,2018-07-09,08:09:20,-5.57147,72.523888,GV37501,unknown,NA,NA
GV37734,Adult,chick-rearing,2018-07-09,08:14:24,-5.570462,72.523567,GV37501,unknown,NA,NA
GV37734,Adult,chick-rearing,2018-07-09,08:19:28,-5.567358,72.530914,GV37501,unknown,NA,NA
GV37734,Adult,chick-rearing,2018-07-09,08:24:33,-5.565372,72.524223,GV37501,unknown,NA,NA
GV37734,Adult,chick-rearing,2018-07-09,08:29:38,-5.563458,72.525009,GV37501,unknown,NA,NA
GV37734,Adult,chick-rearing,2018-07-09,08:34:44,-5.563698,72.527657,GV37501,unknown,NA,NA
GV37734,Adult,chick-rearing,2018-07-09,08:39:50,-5.562838,72.527168,GV37501,unknown,NA,NA
GV37734,Adult,chick-rearing,2018-07-09,08:44:55,-5.561704,72.517868000000007,GV37501,unknown,NA,NA
GV37734,Adult,chick-rearing,2018-07-09,08:50:00,-5.558409,72.516762,GV37501,unknown,NA,NA
GV37734,Adult,chick-rearing,2018-07-09,08:55:03,-5.553582,72.51651,GV37501,unknown,NA,NA
GV37734,Adult,chick-rearing,2018-07-09,09:00:10,-5.55261,72.509026,GV37501,unknown,NA,NA
GV37734,Adult,chick-rearing,2018-07-09,09:05:15,-5.552551,72.502113,GV37501,unknown,NA,NA
GV37734,Adult,chick-rearing,2018-07-09,09:10:19,-5.552949,72.497543,GV37501,unknown,NA,NA
GV37734,Adult,chick-rearing,2018-07-09,09:15:21,-5.551665,72.490746,GV37501,unknown,NA,NA
GV37734,Adult,chick-rearing,2018-07-09,09:20:26,-5.550339,72.483963,GV37501,unknown,NA,NA
GV37734,Adult,chick-rearing,2018-07-09,09:25:30,-5.553127,72.461281,GV37501,unknown,NA,NA
GV37734,Adult,chick-rearing,2018-07-09,09:30:34,-5.568875,72.436821,GV37501,unknown,NA,NA
GV37734,Adult,chick-rearing,2018-07-09,09:35:39,-5.590209,72.410301,GV37501,unknown,NA,NA
GV37734,Adult,chick-rearing,2018-07-09,09:40:45,-5.607485,72.385536,GV37501,unknown,NA,NA
GV37734,Adult,chick-rearing,2018-07-09,09:45:52,-5.626892,72.365692,GV37501,unknown,NA,NA
GV37734,Adult,chick-rearing,2018-07-09,09:51:01,-5.647384,72.345398,GV37501,unknown,NA,NA
GV37734,Adult,chick-rearing,2018-07-09,09:56:08,-5.669906,72.322281,GV37501,unknown,NA,NA
GV37734,Adult,chick-rearing,2018-07-09,10:01:19,-5.681197,72.316559,GV37501,unknown,NA,NA
GV37734,Adult,chick-rearing,2018-07-09,10:06:30,-5.681244,72.316605,GV37501,unknown,NA,NA
GV37734,Adult,chick-rearing,2018-07-09,10:11:44,-5.681217,72.316582,GV37501,unknown,NA,NA
GV37734,Adult,chick-rearing,2018-07-09,10:17:00,-5.681259,72.316582,GV37501,unknown,NA,NA
GV37734,Adult,chick-rearing,2018-07-09,10:22:13,-5.681247,72.316589,GV37501,unknown,NA,NA
GV37734,Adult,chick-rearing,2018-07-09,10:27:30,-5.681228,72.316566,GV37501,unknown,NA,NA
GV37734,Adult,chick-rearing,2018-07-09,10:32:47,-5.681239,72.316528,GV37501,unknown,NA,NA
GV37734,Adult,chick-rearing,2018-07-09,10:38:03,-5.681106,72.316376,GV37501,unknown,NA,NA
GV37734,Adult,chick-rearing,2018-07-09,10:43:19,-5.681224,72.316528,GV37501,unknown,NA,NA
GV37734,Adult,chick-rearing,2018-07-09,10:48:34,-5.681232,72.316597,GV37501,unknown,NA,NA
GV37734,Adult,chick-rearing,2018-07-09,10:53:48,-5.681231,72.316551,GV37501,unknown,NA,NA
GV37734,Adult,chick-rearing,2018-07-09,10:59:04,-5.681254,72.316582,GV37501,unknown,NA,NA
GV37734,Adult,chick-rearing,2018-07-09,11:04:50,-5.68123,72.316551,GV37501,unknown,NA,NA
GV37734,Adult,chick-rearing,2018-07-09,11:09:59,-5.681221,72.316551,GV37501,unknown,NA,NA
GV37734,Adult,chick-rearing,2018-07-09,11:15:07,-5.681228,72.316559,GV37501,unknown,NA,NA
GV37734,Adult,chick-rearing,2018-07-09,11:20:13,-5.681191,72.316582,GV37501,unknown,NA,NA
GV37734,Adult,chick-rearing,2018-07-09,11:25:17,-5.681239,72.316544,GV37501,unknown,NA,NA
GV37734,Adult,chick-rearing,2018-07-09,11:30:21,-5.681215,72.316559,GV37501,unknown,NA,NA
GV37734,Adult,chick-rearing,2018-07-09,11:35:25,-5.681213,72.316544,GV37501,unknown,NA,NA
GV37734,Adult,chick-rearing,2018-07-09,11:40:30,-5.681219,72.316566,GV37501,unknown,NA,NA
GV37734,Adult,chick-rearing,2018-07-09,11:45:36,-5.681211,72.316566,GV37501,unknown,NA,NA
GV37734,Adult,chick-rearing,2018-07-09,11:50:41,-5.681219,72.316559,GV37501,unknown,NA,NA
GV37734,Adult,chick-rearing,2018-07-09,11:55:45,-5.681168,72.316566,GV37501,unknown,NA,NA
GV37734,Adult,chick-rearing,2018-07-09,12:00:51,-5.68118,72.316544,GV37501,unknown,NA,NA
GV37734,Adult,chick-rearing,2018-07-09,12:05:58,-5.681273,72.316574,GV37501,unknown,NA,NA
GV37734,Adult,chick-rearing,2018-07-09,12:11:05,-5.681214,72.316559,GV37501,unknown,NA,NA
GV37734,Adult,chick-rearing,2018-07-09,12:16:12,-5.681196,72.316544,GV37501,unknown,NA,NA
GV37734,Adult,chick-rearing,2018-07-09,12:21:20,-5.681252,72.316544,GV37501,unknown,NA,NA
GV37734,Adult,chick-rearing,2018-07-09,12:26:29,-5.681248,72.316536,GV37501,unknown,NA,NA
GV37734,Adult,chick-rearing,2018-07-09,12:31:38,-5.681244,72.316566,GV37501,unknown,NA,NA
GV37734,Adult,chick-rearing,2018-07-09,12:36:47,-5.681284,72.316551,GV37501,unknown,NA,NA
GV37734,Adult,chick-rearing,2018-07-09,12:41:56,-5.681212,72.316559,GV37501,unknown,NA,NA
GV37734,Adult,chick-rearing,2018-07-09,12:47:05,-5.681196,72.316544,GV37501,unknown,NA,NA
GV37734,Adult,chick-rearing,2018-07-09,12:52:14,-5.681218,72.316551,GV37501,unknown,NA,NA
GV37734,Adult,chick-rearing,2018-07-09,12:57:22,-5.681239,72.316582,GV37501,unknown,NA,NA
GV37734,Adult,chick-rearing,2018-07-09,13:02:34,-5.681251,72.316566,GV37501,unknown,NA,NA
GV37734,Adult,chick-rearing,2018-07-09,13:07:41,-5.681221,72.316544,GV37501,unknown,NA,NA
GV37734,Adult,chick-rearing,2018-07-09,13:12:49,-5.681241,72.316589,GV37501,unknown,NA,NA
GV37734,Adult,chick-rearing,2018-07-09,13:17:55,-5.681142,72.316467,GV37501,unknown,NA,NA
GV37734,Adult,chick-rearing,2018-07-09,13:23:01,-5.681166,72.31649,GV37501,unknown,NA,NA
GV37734,Adult,chick-rearing,2018-07-09,13:28:06,-5.681167,72.31649,GV37501,unknown,NA,NA
GV37734,Adult,chick-rearing,2018-07-09,13:33:10,-5.68122,72.316513,GV37501,unknown,NA,NA
GV37734,Adult,chick-rearing,2018-07-09,13:38:13,-5.681206,72.316559,GV37501,unknown,NA,NA
GV37734,Adult,chick-rearing,2018-07-09,13:43:16,-5.681216,72.316551,GV37501,unknown,NA,NA
GV37734,Adult,chick-rearing,2018-07-09,13:48:19,-5.681207,72.316566,GV37501,unknown,NA,NA
GV37734,Adult,chick-rearing,2018-07-09,13:53:22,-5.68121,72.316574,GV37501,unknown,NA,NA
GV37734,Adult,chick-rearing,2018-07-09,13:58:25,-5.681208,72.316589,GV37501,unknown,NA,NA
GV37734,Adult,chick-rearing,2018-07-09,14:03:32,-5.681239,72.316605,GV37501,unknown,NA,NA
GV37734,Adult,chick-rearing,2018-07-09,14:08:33,-5.681203,72.316566,GV37501,unknown,NA,NA
GV37734,Adult,chick-rearing,2018-07-09,14:13:36,-5.68121,72.316574,GV37501,unknown,NA,NA
GV37734,Adult,chick-rearing,2018-07-09,14:18:39,-5.681236,72.316574,GV37501,unknown,NA,NA
GV37734,Adult,chick-rearing,2018-07-09,14:23:45,-5.681206,72.316582,GV37501,unknown,NA,NA
GV37734,Adult,chick-rearing,2018-07-09,14:28:47,-5.681238,72.316643,GV37501,unknown,NA,NA
GV37734,Adult,chick-rearing,2018-07-09,14:33:50,-5.681211,72.316551,GV37501,unknown,NA,NA
GV37734,Adult,chick-rearing,2018-07-09,14:38:57,-5.681218,72.316505,GV37501,unknown,NA,NA
GV37734,Adult,chick-rearing,2018-07-09,14:44:00,-5.681247,72.316528,GV37501,unknown,NA,NA
GV37734,Adult,chick-rearing,2018-07-09,14:49:03,-5.681198,72.316597,GV37501,unknown,NA,NA
GV37734,Adult,chick-rearing,2018-07-09,14:54:05,-5.681195,72.316589,GV37501,unknown,NA,NA
GV37734,Adult,chick-rearing,2018-07-09,14:59:30,-5.681174,72.316612,GV37501,unknown,NA,NA
GV37734,Adult,chick-rearing,2018-07-09,15:04:34,-5.681179,72.316528,GV37501,unknown,NA,NA
GV37734,Adult,chick-rearing,2018-07-09,15:09:35,-5.681171,72.316528,GV37501,unknown,NA,NA
GV37734,Adult,chick-rearing,2018-07-09,15:14:36,-5.681214,72.316551,GV37501,unknown,NA,NA
GV37734,Adult,chick-rearing,2018-07-09,15:19:37,-5.681225,72.316574,GV37501,unknown,NA,NA
GV37734,Adult,chick-rearing,2018-07-09,15:24:38,-5.681229,72.316559,GV37501,unknown,NA,NA
GV37734,Adult,chick-rearing,2018-07-09,15:29:39,-5.681189,72.316551,GV37501,unknown,NA,NA
GV37734,Adult,chick-rearing,2018-07-09,15:34:40,-5.681204,72.316582,GV37501,unknown,NA,NA
GV37734,Adult,chick-rearing,2018-07-09,15:39:41,-5.681176,72.316521,GV37501,unknown,NA,NA
GV37734,Adult,chick-rearing,2018-07-09,15:44:44,-5.681193,72.316521,GV37501,unknown,NA,NA
GV37734,Adult,chick-rearing,2018-07-09,15:49:47,-5.681197,72.316513,GV37501,unknown,NA,NA
GV37734,Adult,chick-rearing,2018-07-09,15:54:48,-5.681216,72.316528,GV37501,unknown,NA,NA
GV37734,Adult,chick-rearing,2018-07-09,15:59:51,-5.681195,72.316505,GV37501,unknown,NA,NA
GV37734,Adult,chick-rearing,2018-07-09,16:04:58,-5.68123,72.316628,GV37501,unknown,NA,NA
GV37734,Adult,chick-rearing,2018-07-09,16:10:00,-5.681219,72.316589,GV37501,unknown,NA,NA
GV37734,Adult,chick-rearing,2018-07-09,16:15:01,-5.681221,72.316475,GV37501,unknown,NA,NA
GV37734,Adult,chick-rearing,2018-07-09,16:20:03,-5.681229,72.316544,GV37501,unknown,NA,NA
GV37734,Adult,chick-rearing,2018-07-09,16:25:05,-5.681221,72.316483,GV37501,unknown,NA,NA
GV37734,Adult,chick-rearing,2018-07-09,16:30:06,-5.681225,72.316574,GV37501,unknown,NA,NA
GV37734,Adult,chick-rearing,2018-07-09,16:35:07,-5.681221,72.316582,GV37501,unknown,NA,NA
GV37734,Adult,chick-rearing,2018-07-09,16:40:08,-5.681231,72.316628,GV37501,unknown,NA,NA
GV37734,Adult,chick-rearing,2018-07-09,16:45:09,-5.68121,72.316505,GV37501,unknown,NA,NA
GV37734,Adult,chick-rearing,2018-07-09,16:50:10,-5.681141,72.316437,GV37501,unknown,NA,NA
GV37734,Adult,chick-rearing,2018-07-09,16:55:14,-5.681144,72.316505,GV37501,unknown,NA,NA
GV37734,Adult,chick-rearing,2018-07-09,17:00:50,-5.681218,72.316559,GV37501,unknown,NA,NA
GV37734,Adult,chick-rearing,2018-07-09,17:05:59,-5.681216,72.316566,GV37501,unknown,NA,NA
GV37734,Adult,chick-rearing,2018-07-09,17:11:09,-5.68119,72.316559,GV37501,unknown,NA,NA
GV37734,Adult,chick-rearing,2018-07-09,17:16:18,-5.681098,72.31649,GV37501,unknown,NA,NA
GV37734,Adult,chick-rearing,2018-07-09,17:21:28,-5.681155,72.316574,GV37501,unknown,NA,NA
GV37734,Adult,chick-rearing,2018-07-09,17:26:37,-5.681246,72.316589,GV37501,unknown,NA,NA
GV37734,Adult,chick-rearing,2018-07-09,17:31:47,-5.681304,72.316589,GV37501,unknown,NA,NA
GV37734,Adult,chick-rearing,2018-07-09,17:36:56,-5.681213,72.316566,GV37501,unknown,NA,NA
GV37734,Adult,chick-rearing,2018-07-09,17:42:06,-5.681219,72.316566,GV37501,unknown,NA,NA
GV37734,Adult,chick-rearing,2018-07-09,17:47:15,-5.681212,72.316505,GV37501,unknown,NA,NA
GV37734,Adult,chick-rearing,2018-07-09,17:52:25,-5.681195,72.316544,GV37501,unknown,NA,NA
GV37734,Adult,chick-rearing,2018-07-09,17:57:34,-5.681215,72.316536,GV37501,unknown,NA,NA
GV37734,Adult,chick-rearing,2018-07-09,18:02:43,-5.681194,72.316544,GV37501,unknown,NA,NA
GV37734,Adult,chick-rearing,2018-07-09,18:07:45,-5.681212,72.316589,GV37501,unknown,NA,NA
GV37734,Adult,chick-rearing,2018-07-09,18:12:47,-5.681184,72.316536,GV37501,unknown,NA,NA
GV37734,Adult,chick-rearing,2018-07-09,18:17:49,-5.681133,72.316536,GV37501,unknown,NA,NA
GV37734,Adult,chick-rearing,2018-07-09,18:22:52,-5.681173,72.316544,GV37501,unknown,NA,NA
GV37734,Adult,chick-rearing,2018-07-09,18:27:54,-5.681145,72.316483,GV37501,unknown,NA,NA
GV37734,Adult,chick-rearing,2018-07-09,18:32:56,-5.681179,72.316544,GV37501,unknown,NA,NA
GV37734,Adult,chick-rearing,2018-07-09,18:38:00,-5.681191,72.316628,GV37501,unknown,NA,NA
GV37734,Adult,chick-rearing,2018-07-09,18:43:02,-5.681204,72.316681,GV37501,unknown,NA,NA
GV37734,Adult,chick-rearing,2018-07-09,18:48:04,-5.681203,72.316528,GV37501,unknown,NA,NA
GV37734,Adult,chick-rearing,2018-07-09,18:53:06,-5.681179,72.31662,GV37501,unknown,NA,NA
GV37734,Adult,chick-rearing,2018-07-09,18:58:08,-5.681177,72.316475,GV37501,unknown,NA,NA
GV37734,Adult,chick-rearing,2018-07-09,19:03:14,-5.6812,72.316597,GV37501,unknown,NA,NA
GV37734,Adult,chick-rearing,2018-07-09,19:08:16,-5.681208,72.316635,GV37501,unknown,NA,NA
GV37734,Adult,chick-rearing,2018-07-09,19:13:19,-5.681193,72.316566,GV37501,unknown,NA,NA
GV37734,Adult,chick-rearing,2018-07-09,19:18:21,-5.681217,72.316574,GV37501,unknown,NA,NA
GV37734,Adult,chick-rearing,2018-07-09,19:23:22,-5.68118,72.316566,GV37501,unknown,NA,NA
GV37734,Adult,chick-rearing,2018-07-09,19:28:25,-5.681195,72.316513,GV37501,unknown,NA,NA
GV37734,Adult,chick-rearing,2018-07-09,19:33:28,-5.681161,72.316444,GV37501,unknown,NA,NA
GV37734,Adult,chick-rearing,2018-07-09,19:38:29,-5.681196,72.316544,GV37501,unknown,NA,NA
GV37734,Adult,chick-rearing,2018-07-09,19:43:33,-5.681185,72.31649,GV37501,unknown,NA,NA
GV37734,Adult,chick-rearing,2018-07-09,19:48:36,-5.681197,72.316528,GV37501,unknown,NA,NA
GV37734,Adult,chick-rearing,2018-07-09,19:53:37,-5.68119,72.316521,GV37501,unknown,NA,NA
GV37734,Adult,chick-rearing,2018-07-09,19:58:44,-5.681203,72.316582,GV37501,unknown,NA,NA
GV37734,Adult,chick-rearing,2018-07-09,20:04:26,-5.681207,72.316597,GV37501,unknown,NA,NA
GV37734,Adult,chick-rearing,2018-07-09,20:09:36,-5.68121,72.316605,GV37501,unknown,NA,NA
GV37734,Adult,chick-rearing,2018-07-09,20:14:45,-5.681137,72.316521,GV37501,unknown,NA,NA
GV37734,Adult,chick-rearing,2018-07-09,20:19:54,-5.681189,72.316589,GV37501,unknown,NA,NA
GV37734,Adult,chick-rearing,2018-07-09,20:25:02,-5.681187,72.316589,GV37501,unknown,NA,NA
GV37734,Adult,chick-rearing,2018-07-09,20:30:12,-5.68116,72.316574,GV37501,unknown,NA,NA
GV37734,Adult,chick-rearing,2018-07-09,20:35:21,-5.681174,72.316574,GV37501,unknown,NA,NA
GV37734,Adult,chick-rearing,2018-07-09,20:40:30,-5.681195,72.316566,GV37501,unknown,NA,NA
GV37734,Adult,chick-rearing,2018-07-09,20:45:40,-5.68119,72.316544,GV37501,unknown,NA,NA
GV37734,Adult,chick-rearing,2018-07-09,20:50:52,-5.681186,72.316528,GV37501,unknown,NA,NA
GV37734,Adult,chick-rearing,2018-07-09,20:56:02,-5.681219,72.316582,GV37501,unknown,NA,NA
GV37734,Adult,chick-rearing,2018-07-09,21:01:30,-5.681179,72.316528,GV37501,unknown,NA,NA
GV37734,Adult,chick-rearing,2018-07-09,21:06:34,-5.68121,72.316559,GV37501,unknown,NA,NA
GV37734,Adult,chick-rearing,2018-07-09,21:11:37,-5.681211,72.316566,GV37501,unknown,NA,NA
GV37734,Adult,chick-rearing,2018-07-09,21:16:39,-5.681212,72.316566,GV37501,unknown,NA,NA
GV37734,Adult,chick-rearing,2018-07-09,21:21:41,-5.681217,72.316536,GV37501,unknown,NA,NA
GV37734,Adult,chick-rearing,2018-07-09,21:26:44,-5.681214,72.316612,GV37501,unknown,NA,NA
GV37734,Adult,chick-rearing,2018-07-09,21:31:47,-5.681211,72.316597,GV37501,unknown,NA,NA
GV37734,Adult,chick-rearing,2018-07-09,21:36:49,-5.681232,72.316544,GV37501,unknown,NA,NA
GV37734,Adult,chick-rearing,2018-07-09,21:41:50,-5.681209,72.316559,GV37501,unknown,NA,NA
GV37734,Adult,chick-rearing,2018-07-09,21:46:51,-5.681197,72.316528,GV37501,unknown,NA,NA
GV37734,Adult,chick-rearing,2018-07-09,21:51:52,-5.681214,72.316566,GV37501,unknown,NA,NA
GV37734,Adult,chick-rearing,2018-07-09,21:56:53,-5.6812,72.316597,GV37501,unknown,NA,NA
GV37734,Adult,chick-rearing,2018-07-09,22:01:56,-5.681212,72.316528,GV37501,unknown,NA,NA
GV37734,Adult,chick-rearing,2018-07-09,22:06:59,-5.681202,72.316528,GV37501,unknown,NA,NA
GV37734,Adult,chick-rearing,2018-07-09,22:12:02,-5.681146,72.316467,GV37501,unknown,NA,NA
GV37734,Adult,chick-rearing,2018-07-09,22:17:05,-5.681189,72.316528,GV37501,unknown,NA,NA
GV37734,Adult,chick-rearing,2018-07-09,22:22:08,-5.68117,72.316483,GV37501,unknown,NA,NA
GV37734,Adult,chick-rearing,2018-07-09,22:27:11,-5.681178,72.316475,GV37501,unknown,NA,NA
GV37734,Adult,chick-rearing,2018-07-09,22:32:13,-5.681226,72.316612,GV37501,unknown,NA,NA
GV37734,Adult,chick-rearing,2018-07-09,22:37:19,-5.6812,72.316559,GV37501,unknown,NA,NA
GV37734,Adult,chick-rearing,2018-07-09,22:42:23,-5.681198,72.316589,GV37501,unknown,NA,NA
GV37734,Adult,chick-rearing,2018-07-09,22:47:27,-5.681199,72.316551,GV37501,unknown,NA,NA
GV37734,Adult,chick-rearing,2018-07-09,22:52:33,-5.68121,72.316597,GV37501,unknown,NA,NA
GV37734,Adult,chick-rearing,2018-07-09,22:57:36,-5.681216,72.316612,GV37501,unknown,NA,NA
GV37734,Adult,chick-rearing,2018-07-09,23:02:47,-5.681192,72.316566,GV37501,unknown,NA,NA
GV37734,Adult,chick-rearing,2018-07-09,23:07:59,-5.681228,72.316574,GV37501,unknown,NA,NA
GV37734,Adult,chick-rearing,2018-07-09,23:13:13,-5.681217,72.316559,GV37501,unknown,NA,NA
GV37734,Adult,chick-rearing,2018-07-09,23:18:28,-5.681204,72.316582,GV37501,unknown,NA,NA
GV37734,Adult,chick-rearing,2018-07-09,23:23:43,-5.681222,72.316582,GV37501,unknown,NA,NA
GV37734,Adult,chick-rearing,2018-07-09,23:28:59,-5.681199,72.316574,GV37501,unknown,NA,NA
GV37734,Adult,chick-rearing,2018-07-09,23:34:13,-5.681211,72.316551,GV37501,unknown,NA,NA
GV37734,Adult,chick-rearing,2018-07-09,23:39:29,-5.681186,72.316574,GV37501,unknown,NA,NA
GV37734,Adult,chick-rearing,2018-07-09,23:45:03,-5.681158,72.316597,GV37501,unknown,NA,NA
GV37734,Adult,chick-rearing,2018-07-09,23:50:37,-5.681208,72.316612,GV37501,unknown,NA,NA
GV37734,Adult,chick-rearing,2018-07-09,23:56:30,-5.681201,72.316681,GV37501,unknown,NA,NA
GV37734,Adult,chick-rearing,2018-07-10,00:02:26,-5.681182,72.316658,GV37501,unknown,NA,NA
GV37734,Adult,chick-rearing,2018-07-10,00:08:21,-5.681205,72.31665,GV37501,unknown,NA,NA
GV37734,Adult,chick-rearing,2018-07-10,00:14:32,-5.681206,72.316589,GV37501,unknown,NA,NA
GV37734,Adult,chick-rearing,2018-07-10,00:21:44,-5.681172,72.316528,GV37501,unknown,NA,NA
GV37734,Adult,chick-rearing,2018-07-10,00:26:45,-5.681231,72.316559,GV37501,unknown,NA,NA
GV37734,Adult,chick-rearing,2018-07-10,00:31:46,-5.681216,72.316574,GV37501,unknown,NA,NA
GV37734,Adult,chick-rearing,2018-07-10,00:36:47,-5.681231,72.316582,GV37501,unknown,NA,NA
GV37734,Adult,chick-rearing,2018-07-10,00:41:48,-5.68124,72.31662,GV37501,unknown,NA,NA
GV37734,Adult,chick-rearing,2018-07-10,00:46:49,-5.681243,72.316566,GV37501,unknown,NA,NA
GV37734,Adult,chick-rearing,2018-07-10,00:51:50,-5.681251,72.316559,GV37501,unknown,NA,NA
GV37734,Adult,chick-rearing,2018-07-10,00:56:51,-5.681197,72.316528,GV37501,unknown,NA,NA
GV37734,Adult,chick-rearing,2018-07-10,01:01:54,-5.681216,72.316589,GV37501,unknown,NA,NA
GV37734,Adult,chick-rearing,2018-07-10,01:06:55,-5.681224,72.316589,GV37501,unknown,NA,NA
GV37734,Adult,chick-rearing,2018-07-10,01:11:56,-5.681207,72.316574,GV37501,unknown,NA,NA
GV37734,Adult,chick-rearing,2018-07-10,01:16:57,-5.681208,72.316628,GV37501,unknown,NA,NA
GV37734,Adult,chick-rearing,2018-07-10,01:21:58,-5.681191,72.316551,GV37501,unknown,NA,NA
GV37734,Adult,chick-rearing,2018-07-10,01:26:59,-5.681209,72.316521,GV37501,unknown,NA,NA
GV37734,Adult,chick-rearing,2018-07-10,01:32:00,-5.681198,72.316566,GV37501,unknown,NA,NA
GV37734,Adult,chick-rearing,2018-07-10,01:37:01,-5.681185,72.316505,GV37501,unknown,NA,NA
GV37734,Adult,chick-rearing,2018-07-10,01:42:02,-5.681203,72.316566,GV37501,unknown,NA,NA
GV37734,Adult,chick-rearing,2018-07-10,01:47:04,-5.681213,72.316551,GV37501,unknown,NA,NA
GV37734,Adult,chick-rearing,2018-07-10,01:52:05,-5.681216,72.316528,GV37501,unknown,NA,NA
GV37734,Adult,chick-rearing,2018-07-10,01:57:06,-5.681218,72.316521,GV37501,unknown,NA,NA
GV37734,Adult,chick-rearing,2018-07-10,02:02:12,-5.681268,72.316521,GV37501,unknown,NA,NA
GV37734,Adult,chick-rearing,2018-07-10,02:07:13,-5.681302,72.316513,GV37501,unknown,NA,NA
GV37734,Adult,chick-rearing,2018-07-10,02:12:14,-5.676995,72.318207,GV37501,unknown,NA,NA
GV37734,Adult,chick-rearing,2018-07-10,02:17:19,-5.671385,72.318565,GV37501,unknown,NA,NA
GV37734,Adult,chick-rearing,2018-07-10,02:22:22,-5.652056,72.328598,GV37501,unknown,NA,NA
GV37734,Adult,chick-rearing,2018-07-10,02:27:25,-5.631824,72.343056,GV37501,unknown,NA,NA
GV37734,Adult,chick-rearing,2018-07-10,02:32:28,-5.610283,72.354988,GV37501,unknown,NA,NA
GV37734,Adult,chick-rearing,2018-07-10,02:37:31,-5.611319,72.36071,GV37501,unknown,NA,NA
GV37734,Adult,chick-rearing,2018-07-10,02:42:34,-5.600588,72.383324,GV37501,unknown,NA,NA
GV37734,Adult,chick-rearing,2018-07-10,02:47:37,-5.596464,72.401268,GV37501,unknown,NA,NA
GV37734,Adult,chick-rearing,2018-07-10,02:52:41,-5.584851,72.423119,GV37501,unknown,NA,NA
GV37734,Adult,chick-rearing,2018-07-10,02:57:45,-5.599027,72.439095,GV37501,unknown,NA,NA
GV37734,Adult,chick-rearing,2018-07-10,03:04:01,-5.591854,72.468018,GV37501,unknown,NA,NA
GV37734,Adult,chick-rearing,2018-07-10,03:10:20,-5.593802,72.489456,GV37501,unknown,NA,NA
GV37734,Adult,chick-rearing,2018-07-10,03:15:25,-5.589724,72.509171,GV37501,unknown,NA,NA
GV37734,Adult,chick-rearing,2018-07-10,03:20:29,-5.592123,72.529594,GV37501,unknown,NA,NA
GV37734,Adult,chick-rearing,2018-07-10,03:25:33,-5.598466,72.543999,GV37501,unknown,NA,NA
GV37734,Adult,chick-rearing,2018-07-10,03:30:36,-5.61366,72.55542,GV37501,unknown,NA,NA
GV37734,Adult,chick-rearing,2018-07-10,03:35:39,-5.626359,72.572975,GV37501,unknown,NA,NA
GV37734,Adult,chick-rearing,2018-07-10,03:40:44,-5.640806,72.592529,GV37501,unknown,NA,NA
GV37734,Adult,chick-rearing,2018-07-10,03:45:48,-5.63736,72.616272,GV37501,unknown,NA,NA
GV37734,Adult,chick-rearing,2018-07-10,03:50:53,-5.637074,72.63839,GV37501,unknown,NA,NA
GV37734,Adult,chick-rearing,2018-07-10,03:55:58,-5.642411,72.660614,GV37501,unknown,NA,NA
GV37734,Adult,chick-rearing,2018-07-10,04:01:06,-5.645808,72.683426,GV37501,unknown,NA,NA
GV37734,Adult,chick-rearing,2018-07-10,04:06:09,-5.646976,72.700691,GV37501,unknown,NA,NA
GV37734,Adult,chick-rearing,2018-07-10,04:11:13,-5.638847,72.721451,GV37501,unknown,NA,NA
GV37734,Adult,chick-rearing,2018-07-10,04:16:17,-5.643191,72.7304,GV37501,unknown,NA,NA
GV37734,Adult,chick-rearing,2018-07-10,04:21:21,-5.651237,72.747032,GV37501,unknown,NA,NA
GV37734,Adult,chick-rearing,2018-07-10,04:26:27,-5.658413,72.753227,GV37501,unknown,NA,NA
GV37734,Adult,chick-rearing,2018-07-10,04:31:29,-5.657699,72.75058,GV37501,unknown,NA,NA
GV37734,Adult,chick-rearing,2018-07-10,04:36:33,-5.658659,72.746498,GV37501,unknown,NA,NA
GV37734,Adult,chick-rearing,2018-07-10,04:41:36,-5.65786,72.742592,GV37501,unknown,NA,NA
GV37734,Adult,chick-rearing,2018-07-10,04:46:39,-5.663272,72.742905,GV37501,unknown,NA,NA
GV37734,Adult,chick-rearing,2018-07-10,04:51:41,-5.664116,72.739365,GV37501,unknown,NA,NA
GV37734,Adult,chick-rearing,2018-07-10,04:56:45,-5.663715,72.737961,GV37501,unknown,NA,NA
GV37734,Adult,chick-rearing,2018-07-10,05:01:50,-5.674131,72.734444,GV37501,unknown,NA,NA
GV37734,Adult,chick-rearing,2018-07-10,05:06:53,-5.679087,72.734573,GV37501,unknown,NA,NA
GV37734,Adult,chick-rearing,2018-07-10,05:12:00,-5.679806,72.734001,GV37501,unknown,NA,NA
GV37734,Adult,chick-rearing,2018-07-10,05:17:07,-5.685989,72.733139,GV37501,unknown,NA,NA
GV37734,Adult,chick-rearing,2018-07-10,05:22:14,-5.688369,72.730492,GV37501,unknown,NA,NA
GV37734,Adult,chick-rearing,2018-07-10,05:27:25,-5.693255,72.728622,GV37501,unknown,NA,NA
GV37734,Adult,chick-rearing,2018-07-10,05:32:39,-5.695958,72.723701,GV37501,unknown,NA,NA
GV37734,Adult,chick-rearing,2018-07-10,05:37:43,-5.698181,72.723282,GV37501,unknown,NA,NA
GV37734,Adult,chick-rearing,2018-07-10,05:42:46,-5.686486,72.730782,GV37501,unknown,NA,NA
GV37734,Adult,chick-rearing,2018-07-10,05:47:50,-5.665555,72.744095,GV37501,unknown,NA,NA
GV37734,Adult,chick-rearing,2018-07-10,05:52:58,-5.666158,72.760872,GV37501,unknown,NA,NA
GV37734,Adult,chick-rearing,2018-07-10,05:58:03,-5.671762,72.759026,GV37501,unknown,NA,NA
GV37734,Adult,chick-rearing,2018-07-10,06:03:12,-5.69568,72.763573,GV37501,unknown,NA,NA
GV37734,Adult,chick-rearing,2018-07-10,06:08:17,-5.721229,72.77137,GV37501,unknown,NA,NA
GV37734,Adult,chick-rearing,2018-07-10,06:13:22,-5.741691,72.784027,GV37501,unknown,NA,NA
GV37734,Adult,chick-rearing,2018-07-10,06:18:26,-5.74255,72.786873,GV37501,unknown,NA,NA
GV37734,Adult,chick-rearing,2018-07-10,06:23:29,-5.729813,72.782265,GV37501,unknown,NA,NA
GV37734,Adult,chick-rearing,2018-07-10,06:28:34,-5.728754,72.778862,GV37501,unknown,NA,NA
GV37734,Adult,chick-rearing,2018-07-10,06:33:38,-5.728453,72.77813,GV37501,unknown,NA,NA
GV37734,Adult,chick-rearing,2018-07-10,06:38:42,-5.729879,72.775238,GV37501,unknown,NA,NA
GV37734,Adult,chick-rearing,2018-07-10,06:43:50,-5.742217,72.753357,GV37501,unknown,NA,NA
GV37734,Adult,chick-rearing,2018-07-10,06:48:52,-5.748503,72.734238,GV37501,unknown,NA,NA
GV37734,Adult,chick-rearing,2018-07-10,06:53:57,-5.731483,72.731979,GV37501,unknown,NA,NA
GV37734,Adult,chick-rearing,2018-07-10,06:58:59,-5.716406,72.727097,GV37501,unknown,NA,NA
GV37734,Adult,chick-rearing,2018-07-10,07:04:56,-5.714988,72.727448,GV37501,unknown,NA,NA
GV37734,Adult,chick-rearing,2018-07-10,07:10:19,-5.708047,72.728851,GV37501,unknown,NA,NA
GV37734,Adult,chick-rearing,2018-07-10,07:15:21,-5.687151,72.700691,GV37501,unknown,NA,NA
GV37734,Adult,chick-rearing,2018-07-10,07:20:24,-5.671478,72.670792,GV37501,unknown,NA,NA
GV37734,Adult,chick-rearing,2018-07-10,07:25:29,-5.666937,72.673988,GV37501,unknown,NA,NA
GV37734,Adult,chick-rearing,2018-07-10,07:30:32,-5.665559,72.647484,GV37501,unknown,NA,NA
GV37734,Adult,chick-rearing,2018-07-10,07:35:36,-5.666263,72.612083,GV37501,unknown,NA,NA
GV37734,Adult,chick-rearing,2018-07-10,07:40:40,-5.66177,72.573257,GV37501,unknown,NA,NA
GV37734,Adult,chick-rearing,2018-07-10,07:45:45,-5.662724,72.532852,GV37501,unknown,NA,NA
GV37734,Adult,chick-rearing,2018-07-10,07:50:50,-5.659697,72.495667,GV37501,unknown,NA,NA
GV37734,Adult,chick-rearing,2018-07-10,07:55:55,-5.659913,72.457726,GV37501,unknown,NA,NA
GV37734,Adult,chick-rearing,2018-07-10,08:01:02,-5.666006,72.418793,GV37501,unknown,NA,NA
GV37734,Adult,chick-rearing,2018-07-10,08:06:08,-5.667222,72.374428,GV37501,unknown,NA,NA
GV37734,Adult,chick-rearing,2018-07-10,08:11:14,-5.677339,72.323769,GV37501,unknown,NA,NA
GV37734,Adult,chick-rearing,2018-07-10,08:16:20,-5.681246,72.316566,GV37501,unknown,NA,NA
GV37734,Adult,chick-rearing,2018-07-10,08:21:28,-5.681226,72.316566,GV37501,unknown,NA,NA
GV37734,Adult,chick-rearing,2018-07-10,08:26:36,-5.681236,72.316536,GV37501,unknown,NA,NA
GV37734,Adult,chick-rearing,2018-07-10,08:31:45,-5.681228,72.316544,GV37501,unknown,NA,NA
GV37734,Adult,chick-rearing,2018-07-10,08:36:55,-5.681237,72.316536,GV37501,unknown,NA,NA
GV37734,Adult,chick-rearing,2018-07-10,08:42:05,-5.681236,72.316544,GV37501,unknown,NA,NA
GV37734,Adult,chick-rearing,2018-07-10,08:47:15,-5.681227,72.316559,GV37501,unknown,NA,NA
GV37734,Adult,chick-rearing,2018-07-10,08:52:26,-5.681232,72.316544,GV37501,unknown,NA,NA
GV37734,Adult,chick-rearing,2018-07-10,08:57:37,-5.681255,72.316559,GV37501,unknown,NA,NA
GV37734,Adult,chick-rearing,2018-07-10,09:02:51,-5.681212,72.316544,GV37501,unknown,NA,NA
GV37734,Adult,chick-rearing,2018-07-10,09:08:00,-5.681236,72.316559,GV37501,unknown,NA,NA
GV37734,Adult,chick-rearing,2018-07-10,09:13:32,-5.681219,72.316498,GV37501,unknown,NA,NA
GV37734,Adult,chick-rearing,2018-07-10,09:18:43,-5.681199,72.316513,GV37501,unknown,NA,NA
GV37734,Adult,chick-rearing,2018-07-10,09:23:53,-5.681181,72.316505,GV37501,unknown,NA,NA
GV37734,Adult,chick-rearing,2018-07-10,09:29:02,-5.681241,72.316559,GV37501,unknown,NA,NA
GV37734,Adult,chick-rearing,2018-07-10,09:34:11,-5.681209,72.316505,GV37501,unknown,NA,NA
GV37734,Adult,chick-rearing,2018-07-10,09:39:20,-5.681221,72.316528,GV37501,unknown,NA,NA
GV37734,Adult,chick-rearing,2018-07-10,09:44:29,-5.68119,72.316513,GV37501,unknown,NA,NA
GV37734,Adult,chick-rearing,2018-07-10,09:49:39,-5.68123,72.316536,GV37501,unknown,NA,NA
GV37734,Adult,chick-rearing,2018-07-10,09:54:47,-5.681225,72.316528,GV37501,unknown,NA,NA
GV37734,Adult,chick-rearing,2018-07-10,09:59:54,-5.681197,72.316551,GV37501,unknown,NA,NA
GV37734,Adult,chick-rearing,2018-07-10,10:05:04,-5.681245,72.316544,GV37501,unknown,NA,NA
GV37734,Adult,chick-rearing,2018-07-10,10:10:13,-5.681246,72.316574,GV37501,unknown,NA,NA
GV37734,Adult,chick-rearing,2018-07-10,10:15:24,-5.681193,72.316566,GV37501,unknown,NA,NA
GV37734,Adult,chick-rearing,2018-07-10,10:20:34,-5.681257,72.316544,GV37501,unknown,NA,NA
GV37734,Adult,chick-rearing,2018-07-10,10:25:48,-5.681248,72.316574,GV37501,unknown,NA,NA
GV37734,Adult,chick-rearing,2018-07-10,10:31:00,-5.681263,72.316551,GV37501,unknown,NA,NA
GV37734,Adult,chick-rearing,2018-07-10,10:36:12,-5.681273,72.316536,GV37501,unknown,NA,NA
GV37734,Adult,chick-rearing,2018-07-10,10:41:23,-5.681264,72.316544,GV37501,unknown,NA,NA
GV37734,Adult,chick-rearing,2018-07-10,10:46:34,-5.681237,72.316551,GV37501,unknown,NA,NA
GV37734,Adult,chick-rearing,2018-07-10,10:51:44,-5.681195,72.316582,GV37501,unknown,NA,NA
GV37734,Adult,chick-rearing,2018-07-10,10:56:53,-5.681224,72.316566,GV37501,unknown,NA,NA
GV37734,Adult,chick-rearing,2018-07-10,11:02:30,-5.681236,72.316521,GV37501,unknown,NA,NA
GV37734,Adult,chick-rearing,2018-07-10,11:07:41,-5.68123,72.316536,GV37501,unknown,NA,NA
GV37734,Adult,chick-rearing,2018-07-10,11:12:51,-5.681234,72.316528,GV37501,unknown,NA,NA
GV37734,Adult,chick-rearing,2018-07-10,11:18:01,-5.681225,72.316528,GV37501,unknown,NA,NA
GV37734,Adult,chick-rearing,2018-07-10,11:23:10,-5.681228,72.316528,GV37501,unknown,NA,NA
GV37734,Adult,chick-rearing,2018-07-10,11:28:19,-5.681239,72.316505,GV37501,unknown,NA,NA
GV37734,Adult,chick-rearing,2018-07-10,11:33:28,-5.681212,72.316559,GV37501,unknown,NA,NA
GV37734,Adult,chick-rearing,2018-07-10,11:38:37,-5.681241,72.316498,GV37501,unknown,NA,NA
GV37734,Adult,chick-rearing,2018-07-10,11:43:46,-5.681276,72.316498,GV37501,unknown,NA,NA
GV37734,Adult,chick-rearing,2018-07-10,11:48:55,-5.681197,72.316544,GV37501,unknown,NA,NA
GV37734,Adult,chick-rearing,2018-07-10,11:54:04,-5.681207,72.316528,GV37501,unknown,NA,NA
GV37734,Adult,chick-rearing,2018-07-10,11:59:13,-5.681208,72.316528,GV37501,unknown,NA,NA
GV37734,Adult,chick-rearing,2018-07-10,12:04:24,-5.681209,72.316528,GV37501,unknown,NA,NA
GV37734,Adult,chick-rearing,2018-07-10,12:09:32,-5.681242,72.316559,GV37501,unknown,NA,NA
GV37734,Adult,chick-rearing,2018-07-10,12:14:40,-5.681235,72.316536,GV37501,unknown,NA,NA
GV37734,Adult,chick-rearing,2018-07-10,12:19:47,-5.681241,72.316544,GV37501,unknown,NA,NA
GV37734,Adult,chick-rearing,2018-07-10,12:24:54,-5.681221,72.316574,GV37501,unknown,NA,NA
GV37734,Adult,chick-rearing,2018-07-10,12:30:01,-5.681244,72.316566,GV37501,unknown,NA,NA
GV37734,Adult,chick-rearing,2018-07-10,12:35:08,-5.681207,72.316544,GV37501,unknown,NA,NA
GV37734,Adult,chick-rearing,2018-07-10,12:40:14,-5.681227,72.316544,GV37501,unknown,NA,NA
GV37734,Adult,chick-rearing,2018-07-10,12:45:20,-5.681251,72.316536,GV37501,unknown,NA,NA
GV37734,Adult,chick-rearing,2018-07-10,12:50:25,-5.681221,72.316536,GV37501,unknown,NA,NA
GV37734,Adult,chick-rearing,2018-07-10,12:55:29,-5.681219,72.316544,GV37501,unknown,NA,NA
GV37734,Adult,chick-rearing,2018-07-10,13:00:35,-5.681236,72.316559,GV37501,unknown,NA,NA
GV37734,Adult,chick-rearing,2018-07-10,13:05:39,-5.681274,72.316559,GV37501,unknown,NA,NA
GV37734,Adult,chick-rearing,2018-07-10,13:10:42,-5.681223,72.316566,GV37501,unknown,NA,NA
GV37734,Adult,chick-rearing,2018-07-10,13:15:44,-5.681239,72.316574,GV37501,unknown,NA,NA
GV37734,Adult,chick-rearing,2018-07-10,13:20:45,-5.681221,72.316559,GV37501,unknown,NA,NA
GV37734,Adult,chick-rearing,2018-07-10,13:25:46,-5.681224,72.316551,GV37501,unknown,NA,NA
GV37734,Adult,chick-rearing,2018-07-10,13:30:46,-5.681221,72.316582,GV37501,unknown,NA,NA
GV37734,Adult,chick-rearing,2018-07-10,13:35:46,-5.681231,72.316551,GV37501,unknown,NA,NA
GV37734,Adult,chick-rearing,2018-07-10,13:40:46,-5.681227,72.316566,GV37501,unknown,NA,NA
GV37734,Adult,chick-rearing,2018-07-10,13:45:46,-5.681211,72.316566,GV37501,unknown,NA,NA
GV37734,Adult,chick-rearing,2018-07-10,13:50:45,-5.681203,72.316574,GV37501,unknown,NA,NA
GV37734,Adult,chick-rearing,2018-07-10,13:55:44,-5.681172,72.316521,GV37501,unknown,NA,NA
GV37734,Adult,chick-rearing,2018-07-10,14:00:46,-5.681189,72.316559,GV37501,unknown,NA,NA
GV37734,Adult,chick-rearing,2018-07-10,14:05:49,-5.681229,72.316605,GV37501,unknown,NA,NA
GV37734,Adult,chick-rearing,2018-07-10,14:10:53,-5.681145,72.316551,GV37501,unknown,NA,NA
GV37734,Adult,chick-rearing,2018-07-10,14:15:57,-5.68118,72.316498,GV37501,unknown,NA,NA
GV37734,Adult,chick-rearing,2018-07-10,14:21:00,-5.681213,72.316551,GV37501,unknown,NA,NA
GV37734,Adult,chick-rearing,2018-07-10,14:26:03,-5.681213,72.316566,GV37501,unknown,NA,NA
GV37734,Adult,chick-rearing,2018-07-10,14:31:07,-5.68123,72.316566,GV37501,unknown,NA,NA
GV37734,Adult,chick-rearing,2018-07-10,14:36:11,-5.681218,72.316551,GV37501,unknown,NA,NA
GV37734,Adult,chick-rearing,2018-07-10,14:41:14,-5.68118,72.316551,GV37501,unknown,NA,NA
GV37734,Adult,chick-rearing,2018-07-10,14:46:18,-5.681206,72.316521,GV37501,unknown,NA,NA
GV37734,Adult,chick-rearing,2018-07-10,14:51:21,-5.681228,72.316505,GV37501,unknown,NA,NA
GV37734,Adult,chick-rearing,2018-07-10,14:56:25,-5.68119,72.316528,GV37501,unknown,NA,NA
GV37734,Adult,chick-rearing,2018-07-10,15:02:02,-5.681207,72.316505,GV37501,unknown,NA,NA
GV37734,Adult,chick-rearing,2018-07-10,15:07:05,-5.68121,72.316521,GV37501,unknown,NA,NA
GV37734,Adult,chick-rearing,2018-07-10,15:12:08,-5.681218,72.316505,GV37501,unknown,NA,NA
GV37734,Adult,chick-rearing,2018-07-10,15:17:11,-5.68126,72.316559,GV37501,unknown,NA,NA
GV37734,Adult,chick-rearing,2018-07-10,15:22:14,-5.681207,72.316498,GV37501,unknown,NA,NA
GV37734,Adult,chick-rearing,2018-07-10,15:27:16,-5.681255,72.316521,GV37501,unknown,NA,NA
GV37734,Adult,chick-rearing,2018-07-10,15:32:19,-5.68123,72.316505,GV37501,unknown,NA,NA
GV37734,Adult,chick-rearing,2018-07-10,15:37:21,-5.681244,72.316521,GV37501,unknown,NA,NA
GV37734,Adult,chick-rearing,2018-07-10,15:42:23,-5.681233,72.316513,GV37501,unknown,NA,NA
GV37734,Adult,chick-rearing,2018-07-10,15:47:25,-5.681241,72.316536,GV37501,unknown,NA,NA
GV37734,Adult,chick-rearing,2018-07-10,15:52:27,-5.681246,72.316513,GV37501,unknown,NA,NA
GV37734,Adult,chick-rearing,2018-07-10,15:57:29,-5.681214,72.316483,GV37501,unknown,NA,NA
GV37734,Adult,chick-rearing,2018-07-10,16:02:35,-5.681239,72.316513,GV37501,unknown,NA,NA
GV37734,Adult,chick-rearing,2018-07-10,16:07:36,-5.681225,72.316536,GV37501,unknown,NA,NA
GV37734,Adult,chick-rearing,2018-07-10,16:12:37,-5.681228,72.316513,GV37501,unknown,NA,NA
GV37734,Adult,chick-rearing,2018-07-10,16:17:39,-5.681203,72.316505,GV37501,unknown,NA,NA
GV37734,Adult,chick-rearing,2018-07-10,16:22:40,-5.681176,72.316528,GV37501,unknown,NA,NA
GV37734,Adult,chick-rearing,2018-07-10,16:27:41,-5.6812,72.316513,GV37501,unknown,NA,NA
GV37734,Adult,chick-rearing,2018-07-10,16:32:42,-5.681275,72.316513,GV37501,unknown,NA,NA
GV37734,Adult,chick-rearing,2018-07-10,16:37:43,-5.681242,72.316551,GV37501,unknown,NA,NA
GV37734,Adult,chick-rearing,2018-07-10,16:42:44,-5.68122,72.316521,GV37501,unknown,NA,NA
GV37734,Adult,chick-rearing,2018-07-10,16:47:45,-5.681264,72.316528,GV37501,unknown,NA,NA
GV37734,Adult,chick-rearing,2018-07-10,16:52:46,-5.681256,72.316483,GV37501,unknown,NA,NA
GV37734,Adult,chick-rearing,2018-07-10,16:57:47,-5.681228,72.316544,GV37501,unknown,NA,NA
GV37734,Adult,chick-rearing,2018-07-10,17:02:53,-5.681229,72.316513,GV37501,unknown,NA,NA
GV37734,Adult,chick-rearing,2018-07-10,17:07:54,-5.681259,72.31649,GV37501,unknown,NA,NA
GV37734,Adult,chick-rearing,2018-07-10,17:12:55,-5.681253,72.316498,GV37501,unknown,NA,NA
GV37734,Adult,chick-rearing,2018-07-10,17:17:56,-5.681219,72.316513,GV37501,unknown,NA,NA
GV37734,Adult,chick-rearing,2018-07-10,17:22:58,-5.681208,72.316528,GV37501,unknown,NA,NA
GV37734,Adult,chick-rearing,2018-07-10,17:28:00,-5.68122,72.316505,GV37501,unknown,NA,NA
GV37734,Adult,chick-rearing,2018-07-10,17:33:02,-5.681241,72.316483,GV37501,unknown,NA,NA
GV37734,Adult,chick-rearing,2018-07-10,17:38:04,-5.681222,72.316521,GV37501,unknown,NA,NA
GV37734,Adult,chick-rearing,2018-07-10,17:43:06,-5.681211,72.316544,GV37501,unknown,NA,NA
GV37734,Adult,chick-rearing,2018-07-10,17:48:08,-5.681202,72.316559,GV37501,unknown,NA,NA
GV37734,Adult,chick-rearing,2018-07-10,17:53:10,-5.68123,72.316528,GV37501,unknown,NA,NA
GV37734,Adult,chick-rearing,2018-07-10,17:58:11,-5.68121,72.316521,GV37501,unknown,NA,NA
GV37734,Adult,chick-rearing,2018-07-10,18:03:23,-5.681208,72.316551,GV37501,unknown,NA,NA
GV37734,Adult,chick-rearing,2018-07-10,18:08:34,-5.681238,72.316429,GV37501,unknown,NA,NA
GV37734,Adult,chick-rearing,2018-07-10,18:13:45,-5.681249,72.316559,GV37501,unknown,NA,NA
GV37734,Adult,chick-rearing,2018-07-10,18:18:57,-5.68124,72.316521,GV37501,unknown,NA,NA
GV37734,Adult,chick-rearing,2018-07-10,18:24:09,-5.681211,72.31649,GV37501,unknown,NA,NA
GV37734,Adult,chick-rearing,2018-07-10,18:29:20,-5.681236,72.316513,GV37501,unknown,NA,NA
GV37734,Adult,chick-rearing,2018-07-10,18:34:32,-5.681275,72.316528,GV37501,unknown,NA,NA
GV37734,Adult,chick-rearing,2018-07-10,18:39:44,-5.681204,72.316513,GV37501,unknown,NA,NA
GV37734,Adult,chick-rearing,2018-07-10,18:44:56,-5.681232,72.316521,GV37501,unknown,NA,NA
GV37734,Adult,chick-rearing,2018-07-10,18:50:08,-5.681225,72.316528,GV37501,unknown,NA,NA
GV37734,Adult,chick-rearing,2018-07-10,18:55:20,-5.681237,72.316444,GV37501,unknown,NA,NA
GV37734,Adult,chick-rearing,2018-07-10,19:01:03,-5.681217,72.316521,GV37501,unknown,NA,NA
GV37734,Adult,chick-rearing,2018-07-10,19:06:05,-5.681241,72.316521,GV37501,unknown,NA,NA
GV37734,Adult,chick-rearing,2018-07-10,19:11:06,-5.681223,72.316566,GV37501,unknown,NA,NA
GV37734,Adult,chick-rearing,2018-07-10,19:16:07,-5.681255,72.316536,GV37501,unknown,NA,NA
GV37734,Adult,chick-rearing,2018-07-10,19:21:08,-5.681256,72.316566,GV37501,unknown,NA,NA
GV37734,Adult,chick-rearing,2018-07-10,19:26:10,-5.681241,72.316544,GV37501,unknown,NA,NA
GV37734,Adult,chick-rearing,2018-07-10,19:31:11,-5.681246,72.316566,GV37501,unknown,NA,NA
GV37734,Adult,chick-rearing,2018-07-10,19:36:12,-5.681204,72.316536,GV37501,unknown,NA,NA
GV37734,Adult,chick-rearing,2018-07-10,19:41:13,-5.681199,72.316536,GV37501,unknown,NA,NA
GV37734,Adult,chick-rearing,2018-07-10,19:46:15,-5.681221,72.316559,GV37501,unknown,NA,NA
GV37734,Adult,chick-rearing,2018-07-10,19:51:16,-5.681224,72.316582,GV37501,unknown,NA,NA
GV37734,Adult,chick-rearing,2018-07-10,19:56:18,-5.681231,72.316566,GV37501,unknown,NA,NA
GV37734,Adult,chick-rearing,2018-07-10,20:01:21,-5.681224,72.316559,GV37501,unknown,NA,NA
GV37734,Adult,chick-rearing,2018-07-10,20:06:22,-5.681235,72.316574,GV37501,unknown,NA,NA
GV37734,Adult,chick-rearing,2018-07-10,20:11:23,-5.68122,72.316574,GV37501,unknown,NA,NA
GV37734,Adult,chick-rearing,2018-07-10,20:16:24,-5.681251,72.316574,GV37501,unknown,NA,NA
GV37734,Adult,chick-rearing,2018-07-10,20:21:25,-5.681212,72.316544,GV37501,unknown,NA,NA
GV37734,Adult,chick-rearing,2018-07-10,20:26:26,-5.681221,72.316551,GV37501,unknown,NA,NA
GV37734,Adult,chick-rearing,2018-07-10,20:31:27,-5.681238,72.316551,GV37501,unknown,NA,NA
GV37734,Adult,chick-rearing,2018-07-10,20:36:28,-5.681264,72.316536,GV37501,unknown,NA,NA
GV37734,Adult,chick-rearing,2018-07-10,20:41:29,-5.681218,72.316551,GV37501,unknown,NA,NA
GV37734,Adult,chick-rearing,2018-07-10,20:46:30,-5.681237,72.316574,GV37501,unknown,NA,NA
GV37734,Adult,chick-rearing,2018-07-10,20:51:31,-5.681204,72.316536,GV37501,unknown,NA,NA
GV37734,Adult,chick-rearing,2018-07-10,20:56:32,-5.681223,72.316559,GV37501,unknown,NA,NA
GV37734,Adult,chick-rearing,2018-07-10,21:01:35,-5.681234,72.316566,GV37501,unknown,NA,NA
GV37734,Adult,chick-rearing,2018-07-10,21:06:36,-5.681198,72.316582,GV37501,unknown,NA,NA
GV37734,Adult,chick-rearing,2018-07-10,21:11:37,-5.681207,72.316597,GV37501,unknown,NA,NA
GV37734,Adult,chick-rearing,2018-07-10,21:16:38,-5.681231,72.316559,GV37501,unknown,NA,NA
GV37734,Adult,chick-rearing,2018-07-10,21:21:39,-5.681211,72.316566,GV37501,unknown,NA,NA
GV37734,Adult,chick-rearing,2018-07-10,21:26:40,-5.681239,72.316566,GV37501,unknown,NA,NA
GV37734,Adult,chick-rearing,2018-07-10,21:31:41,-5.681204,72.316551,GV37501,unknown,NA,NA
GV37734,Adult,chick-rearing,2018-07-10,21:36:42,-5.681222,72.316551,GV37501,unknown,NA,NA
GV37734,Adult,chick-rearing,2018-07-10,21:41:43,-5.681199,72.316536,GV37501,unknown,NA,NA
GV37734,Adult,chick-rearing,2018-07-10,21:46:44,-5.681191,72.316551,GV37501,unknown,NA,NA
GV37734,Adult,chick-rearing,2018-07-10,21:51:45,-5.681215,72.316528,GV37501,unknown,NA,NA
GV37734,Adult,chick-rearing,2018-07-10,21:56:46,-5.681244,72.316566,GV37501,unknown,NA,NA
GV37734,Adult,chick-rearing,2018-07-10,22:01:49,-5.681217,72.316582,GV37501,unknown,NA,NA
GV37734,Adult,chick-rearing,2018-07-10,22:06:50,-5.681215,72.316559,GV37501,unknown,NA,NA
GV37734,Adult,chick-rearing,2018-07-10,22:11:52,-5.681241,72.316551,GV37501,unknown,NA,NA
GV37734,Adult,chick-rearing,2018-07-10,22:16:53,-5.68121,72.316521,GV37501,unknown,NA,NA
GV37734,Adult,chick-rearing,2018-07-10,22:21:54,-5.681225,72.316566,GV37501,unknown,NA,NA
GV37734,Adult,chick-rearing,2018-07-10,22:26:55,-5.68122,72.316574,GV37501,unknown,NA,NA
GV37734,Adult,chick-rearing,2018-07-10,22:31:56,-5.681213,72.316551,GV37501,unknown,NA,NA
GV37734,Adult,chick-rearing,2018-07-10,22:36:57,-5.681221,72.316528,GV37501,unknown,NA,NA
GV37734,Adult,chick-rearing,2018-07-10,22:41:58,-5.68125,72.316559,GV37501,unknown,NA,NA
GV37734,Adult,chick-rearing,2018-07-10,22:46:59,-5.681225,72.316528,GV37501,unknown,NA,NA
GV37734,Adult,chick-rearing,2018-07-10,22:52:00,-5.681197,72.316521,GV37501,unknown,NA,NA
GV37734,Adult,chick-rearing,2018-07-10,22:57:01,-5.681198,72.316551,GV37501,unknown,NA,NA
GV37734,Adult,chick-rearing,2018-07-10,23:02:32,-5.681216,72.316566,GV37501,unknown,NA,NA
GV37734,Adult,chick-rearing,2018-07-10,23:07:43,-5.681201,72.316559,GV37501,unknown,NA,NA
GV37734,Adult,chick-rearing,2018-07-10,23:12:51,-5.681212,72.316551,GV37501,unknown,NA,NA
GV37734,Adult,chick-rearing,2018-07-10,23:17:59,-5.681198,72.316536,GV37501,unknown,NA,NA
GV37734,Adult,chick-rearing,2018-07-10,23:23:07,-5.681267,72.316566,GV37501,unknown,NA,NA
GV37734,Adult,chick-rearing,2018-07-10,23:28:15,-5.681201,72.316544,GV37501,unknown,NA,NA
GV37734,Adult,chick-rearing,2018-07-10,23:33:23,-5.681228,72.316551,GV37501,unknown,NA,NA
GV37734,Adult,chick-rearing,2018-07-10,23:38:31,-5.681225,72.316574,GV37501,unknown,NA,NA
GV37734,Adult,chick-rearing,2018-07-10,23:43:39,-5.681228,72.316551,GV37501,unknown,NA,NA
GV37734,Adult,chick-rearing,2018-07-10,23:48:47,-5.681226,72.316551,GV37501,unknown,NA,NA
GV37734,Adult,chick-rearing,2018-07-10,23:53:55,-5.681243,72.316536,GV37501,unknown,NA,NA
GV37734,Adult,chick-rearing,2018-07-10,23:59:03,-5.681235,72.316528,GV37501,unknown,NA,NA
GV37734,Adult,chick-rearing,2018-07-11,00:04:16,-5.681241,72.316513,GV37501,unknown,NA,NA
GV37734,Adult,chick-rearing,2018-07-11,00:09:28,-5.681192,72.316536,GV37501,unknown,NA,NA
GV37734,Adult,chick-rearing,2018-07-11,00:14:40,-5.681219,72.316513,GV37501,unknown,NA,NA
GV37734,Adult,chick-rearing,2018-07-11,00:19:52,-5.681256,72.316536,GV37501,unknown,NA,NA
GV37734,Adult,chick-rearing,2018-07-11,00:25:04,-5.681197,72.316544,GV37501,unknown,NA,NA
GV37734,Adult,chick-rearing,2018-07-11,00:30:16,-5.681201,72.316528,GV37501,unknown,NA,NA
GV37734,Adult,chick-rearing,2018-07-11,00:35:28,-5.681237,72.316536,GV37501,unknown,NA,NA
GV37734,Adult,chick-rearing,2018-07-11,00:40:40,-5.681218,72.316551,GV37501,unknown,NA,NA
GV37734,Adult,chick-rearing,2018-07-11,00:45:52,-5.681223,72.316544,GV37501,unknown,NA,NA
GV37734,Adult,chick-rearing,2018-07-11,00:51:04,-5.68119,72.316551,GV37501,unknown,NA,NA
GV37734,Adult,chick-rearing,2018-07-11,00:56:16,-5.681249,72.316551,GV37501,unknown,NA,NA
GV37734,Adult,chick-rearing,2018-07-11,01:01:26,-5.681192,72.316521,GV37501,unknown,NA,NA
GV37734,Adult,chick-rearing,2018-07-11,01:06:26,-5.681233,72.316528,GV37501,unknown,NA,NA
GV37734,Adult,chick-rearing,2018-07-11,01:11:26,-5.681259,72.316582,GV37501,unknown,NA,NA
GV37734,Adult,chick-rearing,2018-07-11,01:16:26,-5.681273,72.316559,GV37501,unknown,NA,NA
GV37734,Adult,chick-rearing,2018-07-11,01:21:27,-5.681229,72.316544,GV37501,unknown,NA,NA
GV37734,Adult,chick-rearing,2018-07-11,01:26:27,-5.681209,72.316513,GV37501,unknown,NA,NA
GV37734,Adult,chick-rearing,2018-07-11,01:31:28,-5.681202,72.316521,GV37501,unknown,NA,NA
GV37734,Adult,chick-rearing,2018-07-11,01:36:30,-5.681201,72.316528,GV37501,unknown,NA,NA
GV37734,Adult,chick-rearing,2018-07-11,01:41:31,-5.681201,72.316574,GV37501,unknown,NA,NA
GV37734,Adult,chick-rearing,2018-07-11,01:46:33,-5.681269,72.316589,GV37501,unknown,NA,NA
GV37734,Adult,chick-rearing,2018-07-11,01:51:35,-5.681236,72.316551,GV37501,unknown,NA,NA
GV37734,Adult,chick-rearing,2018-07-11,01:56:35,-5.681215,72.316612,GV37501,unknown,NA,NA
GV37734,Adult,chick-rearing,2018-07-11,02:01:40,-5.681282,72.316414,GV37501,unknown,NA,NA
GV37734,Adult,chick-rearing,2018-07-11,02:06:41,-5.681237,72.316505,GV37501,unknown,NA,NA
GV37734,Adult,chick-rearing,2018-07-11,02:11:43,-5.681225,72.316521,GV37501,unknown,NA,NA
GV37734,Adult,chick-rearing,2018-07-11,02:16:45,-5.681245,72.316635,GV37501,unknown,NA,NA
GV37734,Adult,chick-rearing,2018-07-11,02:21:48,-5.681243,72.316574,GV37501,unknown,NA,NA
GV37734,Adult,chick-rearing,2018-07-11,02:26:49,-5.681226,72.316574,GV37501,unknown,NA,NA
GV37734,Adult,chick-rearing,2018-07-11,02:31:51,-5.681291,72.316483,GV37501,unknown,NA,NA
GV37734,Adult,chick-rearing,2018-07-11,02:36:56,-5.681255,72.316498,GV37501,unknown,NA,NA
GV37734,Adult,chick-rearing,2018-07-11,02:41:59,-5.681167,72.316605,GV37501,unknown,NA,NA
GV37734,Adult,chick-rearing,2018-07-11,02:47:02,-5.681271,72.316429,GV37501,unknown,NA,NA
GV37734,Adult,chick-rearing,2018-07-11,02:52:08,-5.681254,72.316452,GV37501,unknown,NA,NA
GV37734,Adult,chick-rearing,2018-07-11,02:57:12,-5.68122,72.316589,GV37501,unknown,NA,NA
GV37734,Adult,chick-rearing,2018-07-11,03:02:51,-5.681198,72.316566,GV37501,unknown,NA,NA
